monthly mean of baseline data, created: 20-Jan-2016
GC-MD, Ragged Point, Barbados, Lat.:, 13.17, 13.17N, Lon.:, 59.43, 59.43W, Alt:, 45, m above sea level
 
CREDIT FOR USE: This is a formal notification for data users. 
For scientific purposes access to these data is unlimited and 
provided without charge. By their use you accept that an offer 
of co-authorship will be made through personal contact with the
data providers or owners whenever substantial use is made of 
their data. In all cases an acknowledgement must be made to the
data providers or owners and the data centre when these data are
used within a publication.
CONTACT POINT: s.odoherty@bristol.ac.uk; dickon.young@bristol.ac.uk; raywang@eas.gatech.edu 

scale:, ---, ---, ---, SIO-05, ---, ---, SIO-05, ---, ---, SIO-05, ---, ---, SIO-05, ---, ---, SIO-98, ---, ---, SIO-05, ---, ---, Tohoku-Uni, ---, ---, SIO-98, ---
unit:, ---, ---, ---, ppt, ---, ---, ppt, ---, ---, ppt, ---, ---, ppt, ---, ---, ppb, ---, ---, ppt, ---, ---, ppb, ---, ---, ppt, ---
time, year, month, num, CFC-11, std. dev., num, CFC-12, std. dev., num, CH3CCl3, std. dev., num, CCl4, std. dev., num, N2O, std. dev., num, CFC-113, std. dev., num, CH4, std. dev., num, CHCl3, std. dev.
1996.4584, 1996, 6, 695, 265.347, 0.203, 694, 535.186, 0.581, 668, 90.734, 1.121, 692, 101.041, 0.271, 692, 313.173, 0.139, 693, 84.171, 0.270, 696, 1757.758, 7.045, 696, 6.944, 0.540
1996.5416, 1996, 7, 681, 265.351, 0.299, 640, 536.007, 0.908, 644, 89.409, 0.865, 684, 101.003, 0.300, 672, 313.231, 0.131, 686, 84.078, 0.239, 612, 1756.974, 5.350, 629, 7.029, 0.595
1996.6250, 1996, 8, 278, 265.097, 0.684, 247, 536.512, 2.363, 299, 86.932, 1.348, 304, 100.746, 0.483, 287, 313.163, 0.182, 308, 84.006, 0.288, 235, 1758.927, 16.517, 246, 7.391, 0.699
1996.7084, 1996, 9, 877, 264.926, 0.399, 873, 536.347, 1.390, 886, 85.289, 0.868, 889, 100.687, 0.365, 854, 313.230, 0.187, 883, 83.976, 0.282, 828, 1758.615, 10.260, 778, 6.922, 0.636
1996.7916, 1996, 10, 589, 264.700, 0.388, 588, 535.886, 1.137, 586, 83.594, 0.850, 584, 100.476, 0.360, 581, 313.337, 0.154, 586, 83.967, 0.349, 538, 1757.783, 10.858, 577, 6.687, 0.747
1996.8750, 1996, 11, 928, 265.007, 0.365, 935, 536.774, 0.988, 935, 83.482, 0.903, 929, 100.712, 0.355, 926, 313.458, 0.132, 930, 83.824, 0.259, 877, 1771.279, 10.044, 931, 7.705, 0.782
1996.9584, 1996, 12, 863, 264.943, 0.361, 868, 536.974, 1.043, 864, 83.237, 1.338, 865, 100.622, 0.326, 849, 313.422, 0.163, 869, 83.885, 0.265, 253, 1778.599, 14.825, 819, 8.283, 1.092
1997.0416, 1997, 1, 823, 264.897, 0.223, 827, 537.421, 0.657, 837, 83.318, 0.766, 833, 100.770, 0.279, 814, 313.465, 0.173, 632, 84.074, 0.248, 310, 1783.691, 11.085, 833, 9.053, 0.817
1997.1250, 1997, 2, 854, 264.697, 0.257, 846, 537.288, 0.638, 859, 82.509, 1.058, 860, 100.515, 0.299, 837, 313.557, 0.174, 846, 83.386, 0.274, 692, 1785.583, 9.123, 857, 9.245, 0.963
1997.2084, 1997, 3, 946, 264.419, 0.221, 947, 536.989, 0.564, 918, 81.039, 0.517, 942, 100.394, 0.263, 941, 313.579, 0.145, 943, 83.474, 0.252, 850, 1775.949, 5.668, 927, 8.535, 0.570
1997.2916, 1997, 4, 932, 264.330, 0.245, 887, 537.292, 0.642, 775, 79.576, 1.012, 930, 100.412, 0.266, 924, 313.746, 0.146, 931, 83.572, 0.221, 661, 1770.036, 8.273, 784, 7.927, 0.759
1997.3750, 1997, 5, 966, 264.201, 0.200, 967, 537.747, 0.526, 903, 78.549, 0.737, 966, 100.394, 0.256, 957, 313.829, 0.162, 962, 83.641, 0.241, 966, 1772.818, 7.142, 957, 7.736, 0.544
1997.4584, 1997, 6, 912, 263.959, 0.238, 913, 537.934, 0.822, 877, 77.102, 0.701, 909, 100.281, 0.276, 910, 313.895, 0.130, 915, 83.572, 0.189, 908, 1764.144, 8.904, 914, 7.180, 0.664
1997.5416, 1997, 7, 959, 263.840, 0.293, 957, 538.848, 0.992, 956, 75.552, 0.769, 964, 100.192, 0.304, 958, 313.826, 0.158, 958, 83.491, 0.217, 985, 1761.321, 8.340, 926, 7.277, 0.620
1997.6250, 1997, 8, 935, 263.769, 0.247, 890, 539.225, 0.854, 943, 73.560, 0.638, 946, 100.143, 0.290, 900, 313.860, 0.151, 946, 83.532, 0.186, 921, 1754.667, 6.163, 943, 6.813, 0.480
1997.7084, 1997, 9, 920, 263.606, 0.370, 911, 538.992, 1.229, 913, 71.855, 0.582, 926, 100.010, 0.370, 896, 314.015, 0.156, 919, 83.484, 0.180, 903, 1753.756, 10.284, 876, 6.499, 0.629
1997.7916, 1997, 10, 902, 263.331, 0.372, 895, 538.595, 1.236, 904, 70.374, 0.519, 913, 99.777, 0.342, 906, 314.085, 0.144, 491, 83.487, 0.177, 888, 1751.963, 9.838, 880, 5.943, 0.631
1997.8750, 1997, 11, 914, 263.542, 0.415, 919, 539.941, 1.231, 849, 70.662, 0.722, 918, 99.891, 0.385, 920, 314.005, 0.164, 316, 83.679, 0.172, 814, 1773.368, 14.671, 836, 7.548, 1.010
1997.9584, 1997, 12, 957, 263.541, 0.218, 959, 540.083, 0.494, 953, 70.276, 0.383, 961, 99.878, 0.275, 952, 314.096, 0.139, 954, 83.656, 0.214, 957, 1778.700, 5.168, 958, 8.163, 0.610
1998.0416, 1998, 1, 966, 263.464, 0.246, 968, 540.220, 0.577, 959, 69.759, 0.668, 966, 99.725, 0.281, 966, 314.153, 0.142, 964, 83.648, 0.193, 874, 1782.956, 6.018, 861, 8.627, 0.596
1998.1250, 1998, 2, 859, 263.212, 0.243, 823, 540.117, 0.650, 724, 68.369, 0.550, 864, 99.539, 0.273, 839, 314.218, 0.160, 864, 83.738, 0.195, 695, 1778.101, 7.080, 672, 8.082, 0.557
1998.2084, 1998, 3, 941, 263.123, 0.231, 913, 540.325, 0.660, 721, 67.901, 0.486, 940, 99.444, 0.264, 944, 314.208, 0.155, 949, 83.605, 0.215, 709, 1782.258, 10.558, 509, 8.037, 0.587
1998.2916, 1998, 4, 934, 262.710, 0.255, 926, 540.106, 0.486, 911, 66.620, 0.512, 931, 99.284, 0.265, 901, 314.245, 0.175, 929, 83.501, 0.189, 903, 1779.854, 7.138, 775, 7.674, 0.507
1998.3750, 1998, 5, 957, 262.539, 0.226, 954, 540.156, 0.553, 957, 65.247, 0.476, 952, 99.265, 0.269, 946, 314.336, 0.182, 944, 83.428, 0.189, 947, 1772.126, 6.246, 931, 7.159, 0.408
1998.4584, 1998, 6, 917, 262.291, 0.256, 913, 540.577, 0.585, 903, 64.117, 0.502, 923, 99.218, 0.288, 902, 314.351, 0.175, 920, 83.279, 0.205, 892, 1771.569, 6.128, 883, 7.128, 0.492
1998.5416, 1998, 7, 962, 262.058, 0.247, 960, 541.312, 0.606, 965, 63.146, 0.471, 862, 99.208, 0.274, 953, 314.221, 0.152, 966, 83.163, 0.199, 935, 1773.400, 5.554, 927, 7.432, 0.466
1998.6250, 1998, 8, 777, 262.129, 0.350, 760, 541.418, 0.983, 783, 61.775, 0.446, 513, 99.013, 0.357, 782, 314.249, 0.153, 789, 83.028, 0.211, 739, 1771.999, 8.687, 774, 7.465, 0.558
1998.7084, 1998, 9, 915, 262.275, 0.345, 897, 541.470, 1.129, 909, 60.432, 0.547, 923, 98.893, 0.346, 798, 314.423, 0.139, 923, 82.995, 0.206, 863, 1771.756, 11.814, 895, 7.003, 0.753
1998.7916, 1998, 10, 843, 262.197, 0.366, 825, 541.383, 1.111, 849, 59.559, 0.474, 858, 98.737, 0.335, 831, 314.583, 0.156, 856, 82.927, 0.195, 874, 1775.870, 13.922, 853, 7.021, 0.756
1998.8750, 1998, 11, 898, 262.337, 0.259, 896, 541.978, 0.608, 900, 59.062, 0.443, 902, 98.816, 0.259, 895, 314.721, 0.139, 903, 82.953, 0.179, 930, 1789.127, 7.266, 904, 7.483, 0.674
1998.9584, 1998, 12, 964, 262.379, 0.250, 948, 542.234, 0.546, 962, 58.935, 0.523, 961, 98.738, 0.262, 930, 314.778, 0.152, 957, 82.963, 0.179, 986, 1800.476, 9.912, 952, 8.608, 1.040
1999.0416, 1999, 1, 915, 262.260, 0.224, 914, 542.500, 0.456, 938, 58.853, 0.382, 930, 98.540, 0.234, 881, 314.769, 0.123, 937, 83.005, 0.178, 909, 1808.801, 7.239, 926, 9.385, 0.574
1999.1250, 1999, 2, 805, 262.088, 0.200, 805, 542.334, 0.432, 795, 58.018, 0.548, 805, 98.447, 0.223, 778, 314.843, 0.152, 808, 82.958, 0.179, 643, 1803.572, 6.953, 694, 8.891, 0.606
1999.2084, 1999, 3, 912, 261.800, 0.192, 906, 542.066, 0.383, 916, 56.948, 0.413, 910, 98.285, 0.235, 869, 314.899, 0.128, 915, 82.891, 0.185, 935, 1798.037, 6.291, 870, 8.192, 0.477
1999.2916, 1999, 4, 833, 261.557, 0.213, 831, 541.885, 0.352, 847, 55.687, 0.461, 834, 98.184, 0.223, 802, 314.990, 0.161, 834, 82.808, 0.174, 602, 1790.075, 5.514, 844, 7.291, 0.486
1999.3750, 1999, 5, 828, 261.249, 0.226, 826, 541.831, 0.366, 838, 54.659, 0.419, 830, 97.978, 0.252, 789, 315.120, 0.179, 828, 82.661, 0.207, 846, 1781.775, 4.957, 840, 6.734, 0.424
1999.4584, 1999, 6, 464, 260.979, 0.189, 454, 542.023, 0.445, 469, 54.364, 0.338, 463, 97.816, 0.246, 435, 315.165, 0.138, 471, 82.438, 0.192, 447, 1784.984, 4.754, 471, 7.039, 0.429
1999.5416, 1999, 7, 955, 260.779, 0.241, 942, 542.639, 0.520, 946, 52.783, 0.523, 955, 97.700, 0.243, 917, 315.098, 0.153, 955, 82.424, 0.217, 937, 1777.708, 5.495, 835, 6.748, 0.467
1999.6250, 1999, 8, 945, 260.642, 0.315, 923, 542.841, 0.946, 945, 51.600, 0.360, 943, 97.596, 0.316, 879, 315.129, 0.158, 948, 82.427, 0.189, 914, 1770.517, 8.034, 920, 6.425, 0.456
1999.7084, 1999, 9, 880, 260.539, 0.466, 857, 542.605, 1.393, 901, 50.795, 0.381, 894, 97.408, 0.404, 832, 315.318, 0.178, 894, 82.448, 0.192, 868, 1769.779, 12.562, 820, 6.413, 0.577
1999.7916, 1999, 10, 957, 260.656, 0.374, 928, 543.119, 0.951, 960, 50.067, 0.386, 958, 97.474, 0.333, 892, 315.457, 0.157, 958, 82.393, 0.211, 942, 1780.198, 11.586, 924, 6.826, 0.797
1999.8750, 1999, 11, 865, 260.626, 0.429, 778, 543.240, 1.003, 904, 49.441, 0.470, 918, 97.298, 0.357, 738, 315.660, 0.154, 904, 82.336, 0.204, 771, 1786.159, 12.728, 773, 7.239, 0.898
1999.9584, 1999, 12, 945, 260.836, 0.268, 943, 543.862, 0.604, 943, 49.492, 0.450, 952, 97.444, 0.254, 906, 315.617, 0.140, 963, 82.348, 0.183, 955, 1798.572, 9.941, 946, 8.214, 0.911
2000.0416, 2000, 1, 918, 260.827, 0.232, 936, 544.127, 0.447, 941, 49.372, 0.346, 940, 97.333, 0.246, 900, 315.618, 0.127, 947, 82.338, 0.186, 936, 1807.060, 7.523, 945, 8.909, 0.632
2000.1250, 2000, 2, 825, 260.618, 0.228, 844, 543.884, 0.429, 842, 48.698, 0.386, 848, 97.194, 0.241, 818, 315.662, 0.130, 850, 82.381, 0.224, 856, 1801.578, 4.885, 848, 8.495, 0.494
2000.2084, 2000, 3, 928, 260.672, 0.225, 928, 544.267, 0.482, 948, 47.976, 0.504, 970, 97.247, 0.222, 922, 315.900, 0.129, 968, 82.521, 0.186, 786, 1802.640, 9.696, 813, 8.360, 0.706
2000.2916, 2000, 4, 867, 260.510, 0.216, 896, 544.342, 0.398, 899, 47.359, 0.398, 902, 97.205, 0.214, 862, 315.942, 0.127, 901, 82.448, 0.166, 913, 1802.410, 7.159, 870, 8.240, 0.499
2000.3750, 2000, 5, 919, 260.448, 0.193, 951, 544.549, 0.448, 949, 46.123, 0.442, 959, 97.174, 0.232, 912, 316.153, 0.142, 951, 82.440, 0.150, 951, 1790.896, 5.393, 952, 7.138, 0.412
2000.4584, 2000, 6, 904, 260.427, 0.198, 932, 545.182, 0.479, 916, 45.290, 0.358, 933, 97.217, 0.234, 896, 316.264, 0.146, 934, 82.380, 0.181, 951, 1785.197, 5.473, 871, 7.166, 0.404
2000.5416, 2000, 7, 850, 260.221, 0.193, 874, 545.398, 0.443, 879, 44.187, 0.366, 879, 97.108, 0.227, 844, 316.341, 0.118, 879, 82.344, 0.198, 890, 1777.509, 5.814, 875, 6.940, 0.483
2000.6250, 2000, 8, 919, 260.138, 0.276, 939, 545.690, 0.685, 923, 43.355, 0.433, 944, 97.042, 0.241, 918, 316.341, 0.135, 950, 82.253, 0.173, 957, 1778.721, 7.780, 932, 7.242, 0.508
2000.7084, 2000, 9, 806, 260.035, 0.368, 870, 545.554, 1.002, 807, 42.653, 0.554, 837, 96.962, 0.302, 856, 316.451, 0.151, 837, 82.272, 0.164, 908, 1778.778, 11.879, 814, 6.967, 0.638
2000.7916, 2000, 10, 569, 260.058, 0.391, 855, 545.836, 0.709, 594, 41.531, 0.460, 592, 96.888, 0.468, 825, 316.576, 0.132, 594, 82.174, 0.306, 920, 1783.103, 9.632, 449, 6.879, 0.637
2000.8750, 2000, 11, 861, 259.779, 0.349, 873, 545.806, 0.633, 886, 41.472, 0.487, 884, 96.905, 0.487, 845, 316.848, 0.154, 888, 81.850, 0.328, 879, 1789.109, 8.922, 797, 7.014, 0.742
2000.9584, 2000, 12, 909, 259.697, 0.306, 937, 545.947, 0.447, 936, 41.259, 0.483, 940, 96.860, 0.477, 905, 316.927, 0.141, 945, 81.803, 0.318, 814, 1793.063, 5.700, 866, 7.505, 0.657
2001.0416, 2001, 1, 783, 259.465, 0.330, 768, 545.704, 0.440, 812, 40.799, 0.499, 814, 96.722, 0.492, 776, 316.990, 0.134, 817, 81.795, 0.384, 713, 1789.076, 5.303, 755, 7.391, 0.606
2001.1250, 2001, 2, 803, 259.371, 0.257, 797, 545.834, 0.430, 830, 40.618, 0.509, 830, 96.633, 0.477, 797, 316.982, 0.129, 829, 81.792, 0.364, 553, 1796.095, 5.511, 791, 8.034, 0.612
2001.2084, 2001, 3, 800, 259.005, 0.257, 847, 545.445, 0.409, 875, 39.758, 0.532, 869, 96.410, 0.402, 817, 317.003, 0.148, 856, 81.698, 0.314, 773, 1789.057, 8.315, 860, 7.221, 0.688
2001.2916, 2001, 4, 882, 258.815, 0.202, 882, 545.509, 0.352, 906, 39.354, 0.480, 913, 96.386, 0.394, 878, 316.976, 0.121, 909, 81.586, 0.194, 833, 1793.236, 6.722, 905, 7.271, 0.558
2001.3750, 2001, 5, 897, 258.519, 0.231, 893, 545.385, 0.416, 931, 38.465, 0.558, 929, 96.261, 0.428, 891, 317.039, 0.125, 928, 81.527, 0.311, 886, 1785.338, 7.707, 927, 6.610, 0.618
2001.4584, 2001, 6, 891, 258.356, 0.254, 893, 545.670, 0.376, 939, 37.741, 0.394, 935, 96.263, 0.311, 818, 317.013, 0.135, 938, 81.421, 0.252, 872, 1783.160, 6.182, 934, 6.645, 0.515
2001.5416, 2001, 7, 917, 258.148, 0.232, 911, 545.821, 0.380, 951, 36.926, 0.515, 945, 96.140, 0.338, 913, 316.959, 0.128, 950, 81.294, 0.231, 868, 1778.224, 6.284, 936, 6.749, 0.488
2001.6250, 2001, 8, 837, 257.934, 0.337, 808, 545.966, 0.657, 887, 35.796, 0.527, 879, 96.021, 0.394, 833, 316.958, 0.166, 878, 81.251, 0.219, 793, 1772.305, 8.585, 873, 6.585, 0.519
2001.7084, 2001, 9, 874, 257.737, 0.320, 868, 545.815, 0.776, 901, 34.975, 0.354, 910, 95.908, 0.400, 867, 317.093, 0.134, 907, 81.283, 0.199, 478, 1774.319, 7.384, 906, 6.429, 0.500
2001.7916, 2001, 10, 925, 257.697, 0.336, 913, 545.874, 0.618, 950, 34.465, 0.373, 953, 95.871, 0.413, 919, 317.283, 0.135, 956, 81.215, 0.215, 888, 1780.018, 9.546, 871, 6.425, 0.603
2001.8750, 2001, 11, 908, 257.729, 0.317, 885, 546.002, 0.564, 915, 34.033, 0.387, 941, 95.867, 0.383, 897, 317.378, 0.126, 939, 81.236, 0.224, 753, 1780.858, 8.598, 764, 6.418, 0.518
2001.9584, 2001, 12, 783, 257.867, 0.315, 718, 546.372, 0.517, 810, 33.984, 0.375, 810, 95.969, 0.332, 692, 317.438, 0.137, 810, 81.225, 0.221, 789, 1796.182, 9.978, 723, 7.689, 0.808
2002.0416, 2002, 1, 926, 257.662, 0.283, 926, 546.310, 0.458, 971, 33.882, 0.379, 963, 95.795, 0.314, 911, 317.394, 0.137, 964, 81.139, 0.219, 822, 1802.571, 6.203, 836, 8.325, 0.516
2002.1250, 2002, 2, 813, 257.393, 0.249, 825, 546.010, 0.407, 863, 33.373, 0.311, 860, 95.620, 0.286, 803, 317.478, 0.141, 863, 81.088, 0.204, 794, 1797.575, 9.740, 857, 7.893, 0.611
2002.2084, 2002, 3, 913, 257.150, 0.213, 912, 545.988, 0.402, 952, 32.953, 0.416, 953, 95.471, 0.290, 910, 317.478, 0.150, 954, 81.061, 0.212, 849, 1802.121, 8.483, 935, 7.939, 0.591
2002.2916, 2002, 4, 894, 257.045, 0.215, 879, 546.078, 0.402, 924, 32.492, 0.421, 929, 95.473, 0.294, 869, 317.570, 0.151, 928, 81.023, 0.211, 829, 1800.081, 6.690, 874, 7.622, 0.556
2002.3750, 2002, 5, 464, 256.642, 0.284, 468, 545.958, 0.439, 481, 31.661, 0.382, 481, 95.382, 0.292, 471, 317.596, 0.165, 480, 80.892, 0.195, 488, 1792.543, 5.410, 489, 7.095, 0.469
2002.4584, 2002, 6, 853, 256.451, 0.271, 835, 545.837, 0.471, 876, 31.213, 0.303, 880, 95.310, 0.256, 845, 317.597, 0.209, 876, 80.717, 0.210, 846, 1782.794, 5.348, 882, 6.522, 0.427
2002.5416, 2002, 7, 913, 256.169, 0.285, 868, 545.778, 0.511, 953, 30.563, 0.370, 939, 95.207, 0.251, 911, 317.561, 0.205, 948, 80.631, 0.198, 914, 1777.383, 7.212, 944, 6.394, 0.490
2002.6250, 2002, 8, 933, 256.049, 0.275, 919, 545.953, 0.474, 965, 29.773, 0.347, 964, 95.149, 0.242, 930, 317.639, 0.193, 967, 80.591, 0.193, 905, 1772.487, 5.657, 969, 6.120, 0.453
2002.7084, 2002, 9, 877, 255.747, 0.399, 845, 545.649, 0.779, 910, 29.298, 0.293, 911, 94.887, 0.362, 848, 317.740, 0.199, 911, 80.532, 0.191, 839, 1775.120, 11.984, 894, 6.235, 0.628
2002.7916, 2002, 10, 939, 255.734, 0.359, 931, 545.772, 0.729, 969, 28.770, 0.284, 971, 94.874, 0.325, 925, 317.870, 0.216, 969, 80.526, 0.188, 879, 1776.300, 11.899, 961, 6.155, 0.731
2002.8750, 2002, 11, 891, 255.941, 0.340, 848, 546.258, 0.493, 920, 28.686, 0.251, 922, 95.134, 0.290, 852, 317.966, 0.173, 919, 80.520, 0.204, 865, 1794.790, 7.265, 920, 7.348, 0.540
2002.9584, 2002, 12, 909, 255.809, 0.348, 907, 546.176, 0.378, 939, 28.467, 0.346, 943, 95.064, 0.289, 894, 317.998, 0.138, 940, 80.534, 0.224, 950, 1795.826, 7.694, 925, 7.517, 0.608
2003.0416, 2003, 1, 948, 255.697, 0.271, 951, 546.098, 0.383, 981, 28.321, 0.289, 985, 94.939, 0.263, 945, 318.045, 0.142, 982, 80.460, 0.189, 847, 1797.037, 8.601, 964, 7.880, 0.599
2003.1250, 2003, 2, 825, 255.454, 0.254, 828, 546.010, 0.399, 848, 28.089, 0.346, 854, 94.770, 0.251, 825, 318.076, 0.136, 858, 80.382, 0.190, 722, 1800.289, 9.594, 823, 8.125, 0.622
2003.2084, 2003, 3, 911, 255.239, 0.238, 911, 545.663, 0.386, 939, 27.645, 0.304, 939, 94.685, 0.246, 873, 318.162, 0.144, 942, 80.349, 0.172, 902, 1792.616, 7.654, 928, 7.469, 0.485
2003.2916, 2003, 4, 588, 255.115, 0.250, 586, 545.659, 0.364, 605, 27.156, 0.375, 607, 94.617, 0.262, 580, 318.293, 0.154, 610, 80.213, 0.219, 599, 1794.791, 9.590, 598, 7.232, 0.637
2003.3750, 2003, 5, 943, 254.871, 0.320, 943, 545.690, 0.384, 969, 26.735, 0.358, 973, 94.655, 0.270, 940, 318.393, 0.134, 972, 80.133, 0.215, 963, 1792.437, 7.998, 975, 7.057, 0.477
2003.4584, 2003, 6, 915, 254.571, 0.306, 920, 545.556, 0.369, 953, 26.303, 0.328, 950, 94.578, 0.276, 921, 318.382, 0.142, 951, 80.044, 0.220, 916, 1791.803, 7.921, 951, 6.928, 0.456
2003.5416, 2003, 7, 943, 254.404, 0.313, 940, 545.622, 0.412, 979, 25.726, 0.332, 980, 94.471, 0.313, 934, 318.394, 0.152, 975, 79.948, 0.239, 881, 1788.911, 6.813, 936, 7.079, 0.489
2003.6250, 2003, 8, 928, 254.206, 0.304, 929, 545.489, 0.418, 963, 24.968, 0.316, 954, 94.334, 0.317, 917, 318.423, 0.146, 960, 79.921, 0.215, 970, 1776.647, 8.035, 960, 6.351, 0.469
2003.7084, 2003, 9, 887, 254.001, 0.420, 800, 545.441, 0.724, 912, 24.519, 0.320, 918, 94.093, 0.404, 783, 318.468, 0.208, 907, 79.885, 0.239, 865, 1780.328, 15.657, 836, 6.289, 0.715
2003.7916, 2003, 10, 925, 253.925, 0.504, 941, 545.567, 0.624, 969, 24.280, 0.289, 969, 94.137, 0.467, 900, 318.625, 0.138, 962, 79.870, 0.236, 951, 1789.960, 18.756, 826, 6.515, 0.823
2003.8750, 2003, 11, 866, 253.880, 0.427, 895, 545.644, 0.501, 912, 23.904, 0.350, 907, 94.114, 0.429, 708, 318.680, 0.147, 908, 79.756, 0.235, 902, 1795.831, 13.175, 904, 7.128, 0.834
2003.9584, 2003, 12, 882, 254.179, 0.387, 866, 546.148, 0.405, 928, 23.941, 0.336, 918, 94.084, 0.318, 873, 318.680, 0.147, 910, 79.412, 0.236, 849, 1807.192, 9.029, 869, 7.997, 0.718
2004.0416, 2004, 1, 685, 253.977, 0.393, 681, 545.976, 0.364, 739, 23.656, 0.337, 705, 93.870, 0.303, 636, 318.706, 0.146, 717, 79.334, 0.209, 937, 1801.794, 10.043, 714, 7.847, 0.603
2004.1250, 2004, 2, 498, 253.768, 0.523, 502, 545.932, 0.379, 523, 23.451, 0.325, 431, 93.723, 0.332, 397, 318.761, 0.145, 529, 79.278, 0.282, 815, 1807.125, 9.864, 466, 7.836, 0.636
2004.2084, 2004, 3, 370, 253.436, 0.459, 386, 545.599, 0.347, 396, 22.859, 0.364, 352, 93.473, 0.405, 349, 318.790, 0.152, 398, 79.218, 0.241, 929, 1803.495, 7.412, 394, 7.435, 0.494
2004.2916, 2004, 4, 883, 253.143, 0.421, 817, 545.543, 0.398, 938, 22.625, 0.346, 918, 93.438, 0.513, 905, 318.785, 0.172, 924, 79.061, 0.398, 848, 1798.468, 8.609, 846, 7.085, 0.560
2004.3750, 2004, 5, 872, 252.935, 0.385, 887, 545.465, 0.402, 925, 22.318, 0.410, 916, 93.375, 0.520, 886, 318.836, 0.181, 921, 79.025, 0.338, 851, 1801.031, 8.980, 795, 7.097, 0.511
2004.4584, 2004, 6, 860, 252.641, 0.423, 905, 545.207, 0.445, 934, 21.703, 0.322, 909, 93.173, 0.376, 903, 318.894, 0.167, 916, 78.932, 0.249, 929, 1784.200, 7.617, 900, 6.290, 0.466
2004.5416, 2004, 7, 897, 252.294, 0.396, 924, 544.912, 0.377, 936, 21.337, 0.298, 303, 92.958, 0.322, 920, 318.760, 0.157, 944, 78.794, 0.228, 902, 1779.773, 8.536, 737, 6.377, 0.494
2004.6250, 2004, 8, 827, 252.132, 0.512, 865, 544.885, 0.439, 892, 20.815, 0.283, 878, 92.804, 0.433, 859, 318.822, 0.138, 880, 78.645, 0.264, 890, 1774.191, 8.126, 804, 6.333, 0.474
2004.7084, 2004, 9, 798, 251.968, 0.490, 759, 544.574, 0.609, 832, 20.455, 0.268, 825, 93.114, 0.389, 737, 318.928, 0.177, 810, 78.649, 0.213, 781, 1777.429, 12.250, 656, 6.163, 0.577
2004.7916, 2004, 10, 895, 251.867, 0.411, 851, 544.640, 0.578, 908, 20.101, 0.340, 923, 92.988, 0.399, 850, 319.080, 0.149, 924, 78.688, 0.165, 857, 1778.702, 13.667, 898, 6.101, 0.686
2004.8750, 2004, 11, 899, 251.836, 0.627, 874, 544.723, 0.629, 932, 19.895, 0.312, 922, 92.945, 0.432, 880, 319.179, 0.192, 914, 78.603, 0.213, 845, 1780.733, 16.831, 820, 6.486, 0.909
2004.9584, 2004, 12, 955, 251.925, 0.536, 949, 544.832, 0.446, 977, 19.919, 0.289, 982, 93.052, 0.334, 899, 319.224, 0.183, 985, 78.577, 0.209, 943, 1800.198, 11.969, 961, 7.874, 0.921
2005.0416, 2005, 1, 943, 251.925, 0.565, 951, 544.850, 0.418, 987, 19.792, 0.288, 980, 92.957, 0.317, 938, 319.327, 0.191, 988, 78.597, 0.219, 964, 1803.867, 8.788, 988, 8.145, 0.586
2005.1250, 2005, 2, 780, 251.674, 0.547, 775, 544.813, 0.422, 840, 19.608, 0.275, 838, 92.841, 0.301, 794, 319.411, 0.185, 843, 78.540, 0.231, 754, 1806.133, 10.740, 772, 8.207, 0.655
2005.2084, 2005, 3, 783, 251.470, 0.411, 780, 544.570, 0.404, 807, 19.178, 0.304, 813, 92.769, 0.286, 761, 319.474, 0.147, 811, 78.499, 0.203, 786, 1791.345, 10.896, 783, 7.188, 0.712
2005.2916, 2005, 4, 346, 250.413, 0.431, 347, 544.245, 0.366, 362, 18.806, 0.258, 364, 92.689, 0.261, 341, 319.539, 0.163, 361, 78.618, 0.211, 368, 1786.041, 6.324, 365, 6.476, 0.526
2005.3750, 2005, 5, 343, 250.181, 0.273, 348, 544.390, 0.417, 362, 18.618, 0.346, 362, 92.577, 0.324, 322, 319.729, 0.245, 260, 78.686, 0.210, 355, 1787.216, 9.880, 360, 6.514, 0.640
2005.4584, 2005, 6, 695, 249.833, 0.300, 763, 544.324, 0.490, 723, 18.116, 0.333, 727, 92.187, 0.386, 752, 319.909, 0.172, 791, 78.581, 0.208, 805, 1780.050, 10.744, 708, 6.072, 0.612
2005.5416, 2005, 7, 850, 249.694, 0.489, 839, 543.912, 0.543, 874, 17.856, 0.431, 884, 92.447, 0.496, 826, 319.733, 0.186, 881, 78.544, 0.152, 862, 1779.567, 11.646, 856, 6.420, 0.681
2005.6250, 2005, 8, 952, 249.366, 0.438, 933, 543.698, 0.604, 988, 17.394, 0.379, 988, 92.255, 0.531, 893, 319.672, 0.175, , , , 942, 1776.669, 13.000, 953, 6.249, 0.664
2005.7084, 2005, 9, 914, 249.290, 0.423, 877, 543.781, 0.624, 945, 17.110, 0.328, 941, 92.163, 0.564, 874, 319.825, 0.205, , , , 904, 1781.719, 14.078, 897, 6.360, 0.658
2005.7916, 2005, 10, 874, 249.177, 0.374, 889, 543.755, 0.548, 925, 16.872, 0.327, 920, 92.118, 0.506, 888, 319.973, 0.173, , , , 928, 1783.451, 12.026, 919, 6.098, 0.653
2005.8750, 2005, 11, 846, 249.160, 0.349, 906, 543.834, 0.466, 905, 16.590, 0.463, 908, 92.279, 0.586, 899, 320.028, 0.150, , , , 852, 1792.693, 15.483, 838, 6.862, 1.163
2005.9584, 2005, 12, 892, 249.297, 0.269, 917, 544.040, 0.353, 883, 16.620, 0.490, 926, 92.370, 0.551, 913, 320.051, 0.146, , , , 845, 1812.918, 9.893, 927, 8.452, 0.783
2006.0416, 2006, 1, 933, 249.058, 0.239, 934, 543.828, 0.357, 973, 16.374, 0.379, 973, 92.110, 0.434, 935, 320.103, 0.153, , , , 972, 1812.423, 8.585, 974, 8.396, 0.650
2006.1250, 2006, 2, 798, 248.785, 0.273, 820, 543.497, 0.378, 573, 16.107, 0.408, 656, 91.909, 0.460, 819, 320.129, 0.147, , , , 778, 1805.002, 8.886, 695, 7.749, 0.802
2006.2084, 2006, 3, 951, 248.449, 0.372, 954, 543.249, 0.348, 896, 15.768, 0.678, 987, 91.818, 0.825, 952, 320.271, 0.145, , , , 935, 1792.623, 9.270, 956, 6.727, 0.924
2006.2916, 2006, 4, 429, 248.245, 0.370, 426, 543.011, 0.345, 439, 15.718, 0.676, 444, 91.836, 0.871, 423, 320.232, 0.142, , , , 382, 1789.658, 8.665, 389, 6.586, 1.000
2006.3750, 2006, 5, 364, 247.880, 0.382, 362, 542.651, 0.349, 218, 15.515, 0.570, 372, 91.882, 0.887, 359, 320.261, 0.156, , , , 377, 1788.990, 6.174, 271, 6.241, 0.864
2006.4584, 2006, 6, , , , , , , , , , , , , , , , , , , , , , , , 
2006.5416, 2006, 7, , , , , , , , , , , , , , , , , , , , , , , , 
2006.6250, 2006, 8, , , , , , , , , , , , , , , , , , , , , , , , 
2006.7084, 2006, 9, 762, 247.174, 0.316, 654, 541.698, 0.449, 806, 14.300, 0.115, 810, 91.224, 0.250, 743, 320.333, 0.168, , , , 793, 1777.127, 11.607, 762, 6.044, 0.620
2006.7916, 2006, 10, 839, 247.094, 0.285, 840, 541.685, 0.446, 884, 14.131, 0.166, 875, 91.203, 0.265, 832, 320.440, 0.183, , , , 854, 1782.108, 14.803, 826, 6.312, 0.784
2006.8750, 2006, 11, 760, 247.111, 0.290, 774, 541.741, 0.380, 799, 14.072, 0.196, 739, 91.315, 0.297, 770, 320.553, 0.167, , , , 766, 1795.774, 14.156, 604, 6.859, 0.829
2006.9584, 2006, 12, 325, 247.280, 0.219, 351, 541.766, 0.335, 357, 14.028, 0.151, 350, 91.233, 0.303, 346, 320.667, 0.144, , , , 349, 1806.047, 8.552, 348, 8.091, 0.463
2007.0416, 2007, 1, 851, 247.122, 0.224, 869, 541.583, 0.367, 911, 13.861, 0.173, 871, 91.067, 0.330, 863, 320.730, 0.135, , , , 930, 1802.221, 11.428, 921, 7.640, 0.702
2007.1250, 2007, 2, 688, 246.903, 0.241, 723, 541.335, 0.392, 741, 13.740, 0.213, 705, 90.935, 0.329, 716, 320.749, 0.151, , , , 746, 1801.464, 13.004, 668, 7.602, 0.742
2007.2084, 2007, 3, 783, 246.764, 0.190, 821, 541.219, 0.363, 839, 13.587, 0.159, 813, 90.832, 0.313, 812, 320.867, 0.148, , , , 805, 1806.861, 9.582, 808, 7.770, 0.494
2007.2916, 2007, 4, 820, 246.541, 0.193, 854, 540.955, 0.329, 887, 13.331, 0.178, 850, 90.766, 0.323, 807, 320.983, 0.157, , , , 842, 1799.340, 10.981, 860, 6.835, 0.601
2007.3750, 2007, 5, 815, 246.450, 0.224, 839, 540.749, 0.343, 876, 13.172, 0.176, 856, 90.754, 0.368, 830, 321.065, 0.154, , , , 493, 1801.701, 11.013, 729, 6.779, 0.441
2007.4584, 2007, 6, 594, 246.410, 0.226, 624, 540.205, 0.411, 653, 12.835, 0.160, 625, 90.529, 0.244, 614, 320.913, 0.150, , , , 456, 1793.652, 21.104, 606, 6.581, 0.459
2007.5416, 2007, 7, 801, 246.291, 0.382, 818, 540.154, 0.430, 870, 12.442, 0.259, 867, 90.359, 0.298, 816, 320.919, 0.198, , , , 783, 1787.625, 19.915, 738, 6.894, 0.548
2007.6250, 2007, 8, 323, 245.858, 0.285, 337, 540.067, 0.377, 350, 12.148, 0.148, 343, 90.336, 0.207, 328, 321.049, 0.139, , , , 352, 1789.868, 12.271, 346, 6.963, 0.442
2007.7084, 2007, 9, 792, 245.651, 0.422, 806, 539.938, 0.504, 856, 11.887, 0.157, 848, 90.129, 0.329, 805, 321.220, 0.189, , , , 797, 1787.426, 15.241, 836, 6.509, 0.608
2007.7916, 2007, 10, 910, 245.512, 0.334, 923, 539.798, 0.442, 971, 11.679, 0.146, 970, 90.033, 0.278, 918, 321.334, 0.176, , , , 984, 1792.338, 12.108, 928, 6.392, 0.550
2007.8750, 2007, 11, 892, 245.490, 0.252, 896, 539.758, 0.359, 931, 11.609, 0.157, 936, 90.014, 0.201, 893, 321.453, 0.145, , , , 961, 1803.866, 9.627, 834, 6.852, 0.550
2007.9584, 2007, 12, 878, 245.374, 0.248, 888, 539.630, 0.341, 937, 11.593, 0.163, 935, 89.910, 0.202, 869, 321.466, 0.141, , , , 953, 1808.290, 8.959, 752, 7.607, 0.603
2008.0416, 2008, 1, 831, 245.202, 0.238, 849, 539.389, 0.364, 902, 11.525, 0.144, 894, 89.809, 0.189, 809, 321.496, 0.145, , , , 935, 1811.736, 9.176, 828, 8.103, 0.539
2008.1250, 2008, 2, 818, 244.964, 0.266, 814, 539.095, 0.408, 879, 11.440, 0.159, 869, 89.632, 0.215, 781, 321.500, 0.178, , , , 875, 1818.793, 9.431, 849, 8.578, 0.451
2008.2084, 2008, 3, 529, 244.630, 0.246, 219, 538.805, 0.407, 599, 11.295, 0.179, 582, 89.436, 0.205, 215, 321.430, 0.175, , , , 564, 1816.819, 8.252, 528, 7.919, 0.510
2008.2916, 2008, 4, 24, 244.300, 0.254, 26, 538.342, 0.340, 30, 10.841, 0.121, 26, 89.308, 0.190, 26, 321.661, 0.100, , , , 31, 1795.394, 4.763, 32, 6.563, 0.179
2008.3750, 2008, 5, 842, 244.138, 0.296, 914, 538.214, 0.357, 933, 10.797, 0.159, 917, 89.295, 0.269, 904, 321.768, 0.158, , , , 965, 1800.044, 7.581, 864, 6.634, 0.382
2008.4584, 2008, 6, 478, 244.009, 0.299, 478, 538.078, 0.353, 534, 10.633, 0.187, 525, 89.237, 0.323, 473, 321.835, 0.167, , , , 470, 1798.341, 8.909, 392, 6.757, 0.433
2008.5416, 2008, 7, 886, 243.948, 0.289, 853, 538.012, 0.395, 937, 10.375, 0.175, 917, 89.219, 0.263, 800, 321.924, 0.147, , , , 704, 1793.630, 9.235, 917, 6.852, 0.372
2008.6250, 2008, 8, 711, 243.713, 0.369, 683, 537.724, 0.445, 743, 10.152, 0.158, 735, 89.078, 0.357, 664, 321.941, 0.188, , , , 627, 1792.699, 9.555, 703, 6.890, 0.446
2008.7084, 2008, 9, 778, 243.517, 0.390, 766, 537.558, 0.436, 828, 9.901, 0.153, 813, 88.920, 0.318, 727, 322.033, 0.163, , , , 828, 1790.182, 13.218, 806, 6.367, 0.654
2008.7916, 2008, 10, 890, 243.468, 0.432, 867, 537.568, 0.450, 953, 9.742, 0.161, 939, 88.852, 0.374, 826, 322.160, 0.192, , , , 952, 1797.296, 17.036, 915, 6.528, 0.802
2008.8750, 2008, 11, 805, 243.793, 0.343, 803, 537.572, 0.359, 847, 9.761, 0.177, 821, 89.058, 0.291, 766, 322.182, 0.145, , , , 857, 1819.405, 12.639, 825, 8.081, 0.889
2008.9584, 2008, 12, 867, 243.711, 0.328, 888, 537.455, 0.353, 927, 9.700, 0.175, 915, 88.922, 0.298, 871, 322.257, 0.145, , , , 941, 1824.374, 13.364, 922, 8.555, 0.829
2009.0416, 2009, 1, 861, 243.288, 0.285, 893, 537.203, 0.354, 922, 9.585, 0.159, 924, 88.747, 0.294, 886, 322.327, 0.139, , , , 940, 1822.236, 9.862, 903, 8.088, 0.602
2009.1250, 2009, 2, 743, 243.097, 0.256, 778, 536.840, 0.400, 795, 9.468, 0.161, 777, 88.552, 0.304, 765, 322.284, 0.150, , , , 819, 1821.157, 9.808, 798, 7.597, 0.551
2009.2084, 2009, 3, 879, 242.787, 0.259, 896, 536.433, 0.368, 933, 9.358, 0.174, 447, 88.475, 0.285, 902, 322.259, 0.146, , , , 845, 1820.411, 10.403, 744, 7.308, 0.552
2009.2916, 2009, 4, 816, 242.580, 0.248, 758, 536.269, 0.376, 872, 9.192, 0.178, 642, 88.237, 0.285, 742, 322.330, 0.173, , , , 895, 1817.834, 9.150, 822, 6.857, 0.504
2009.3750, 2009, 5, 936, 242.374, 0.261, 954, 536.106, 0.355, 967, 8.986, 0.169, 968, 88.159, 0.267, 928, 322.542, 0.151, , , , 984, 1813.770, 7.870, 959, 6.407, 0.479
2009.4584, 2009, 6, 917, 242.232, 0.287, 934, 535.877, 0.347, 958, 8.774, 0.168, 947, 88.080, 0.265, 904, 322.579, 0.139, , , , 994, 1805.026, 7.699, 960, 5.976, 0.408
2009.5416, 2009, 7, 828, 241.872, 0.336, 861, 535.563, 0.382, 877, 8.584, 0.177, 860, 88.005, 0.301, 827, 322.575, 0.141, , , , 857, 1799.252, 7.466, 778, 5.899, 0.500
2009.6250, 2009, 8, 833, 241.925, 0.375, 811, 535.221, 0.369, 874, 8.416, 0.182, 861, 87.822, 0.324, 797, 322.554, 0.154, , , , 901, 1800.606, 10.149, 845, 6.389, 0.509
2009.7084, 2009, 9, 431, 242.050, 0.199, 447, 535.222, 0.299, 437, 8.295, 0.103, 450, 87.566, 0.150, 432, 322.802, 0.162, , , , 406, 1800.923, 8.191, 441, 6.148, 0.420
2009.7916, 2009, 10, 1002, 242.007, 0.197, 997, 535.167, 0.337, 1030, 8.184, 0.097, 1031, 87.486, 0.130, 971, 322.897, 0.175, , , , 1033, 1802.997, 8.429, 1030, 6.139, 0.469
2009.8750, 2009, 11, 891, 241.775, 0.255, 900, 534.826, 0.354, 921, 8.083, 0.137, 914, 87.332, 0.211, 886, 322.901, 0.176, , , , 837, 1801.866, 15.271, 859, 6.233, 0.802
2009.9584, 2009, 12, 393, 241.947, 0.168, 392, 534.898, 0.346, 410, 8.103, 0.143, 384, 87.492, 0.178, 394, 322.892, 0.153, , , , 327, 1815.610, 7.634, 417, 7.345, 0.578
2010.0416, 2010, 1, , , , , , , , , , , , , , , , , , , , , , , , 
2010.1250, 2010, 2, 570, 241.441, 0.148, 560, 534.470, 0.314, 574, 7.843, 0.147, 572, 87.146, 0.156, 547, 323.244, 0.163, , , , 582, 1807.370, 8.652, 499, 6.734, 0.364
2010.2084, 2010, 3, 998, 241.208, 0.169, 991, 534.104, 0.349, 1014, 7.759, 0.162, 1009, 87.027, 0.176, 976, 323.169, 0.159, , , , 1008, 1805.217, 7.997, 973, 6.697, 0.469
2010.2916, 2010, 4, 948, 241.110, 0.187, 932, 534.176, 0.471, 973, 7.709, 0.171, 975, 87.063, 0.201, 903, 323.281, 0.233, , , , 879, 1815.424, 6.892, 798, 6.973, 0.415
2010.3750, 2010, 5, 970, 240.926, 0.190, 980, 534.159, 0.373, 1013, 7.569, 0.160, 1001, 87.044, 0.211, 974, 323.447, 0.173, , , , 1042, 1812.285, 7.074, 970, 7.114, 0.483
2010.4584, 2010, 6, 353, 240.517, 0.302, 366, 533.667, 0.421, 203, 7.455, 0.178, 288, 86.870, 0.229, 365, 323.350, 0.235, , , , 577, 1808.039, 7.108, 562, 6.994, 0.465
2010.5416, 2010, 7, 968, 240.284, 0.259, 946, 533.365, 0.429, 1011, 7.288, 0.174, 1005, 86.757, 0.212, 944, 323.320, 0.192, , , , 1023, 1803.801, 9.177, 960, 7.009, 0.612
2010.6250, 2010, 8, 996, 239.932, 0.311, 999, 532.791, 0.396, 1035, 7.112, 0.174, 1034, 86.535, 0.291, 971, 323.233, 0.189, , , , 1028, 1798.110, 11.449, 1014, 6.608, 0.629
2010.7084, 2010, 9, 718, 239.828, 0.322, 734, 532.700, 0.394, 756, 6.994, 0.167, 764, 86.407, 0.315, 681, 323.422, 0.211, , , , 611, 1802.061, 14.420, 710, 6.595, 0.745
2010.7916, 2010, 10, 650, 239.934, 0.306, 612, 532.723, 0.383, 675, 6.890, 0.223, 657, 86.497, 0.325, 597, 323.567, 0.166, , , , 483, 1808.849, 13.490, 636, 6.871, 0.768
2010.8750, 2010, 11, , , , , , , , , , , , , , , , , , , , , , , , 
2010.9584, 2010, 12, 780, 239.925, 0.222, 795, 532.500, 0.340, , , , 811, 86.399, 0.330, 786, 323.767, 0.182, , , , 784, 1827.909, 10.361, 817, 8.329, 0.884
2011.0416, 2011, 1, 1003, 239.773, 0.209, 1005, 532.362, 0.357, , , , 1027, 86.305, 0.386, 995, 323.834, 0.174, , , , 131, 1829.874, 10.735, 1011, 8.559, 0.857
2011.1250, 2011, 2, 908, 239.522, 0.229, 915, 532.052, 0.356, , , , 943, 86.124, 0.298, 904, 323.883, 0.158, , , , , , , 933, 8.480, 0.903
2011.2084, 2011, 3, 1007, 239.205, 0.196, 1001, 531.631, 0.344, , , , 1040, 86.028, 0.333, 1002, 323.888, 0.168, , , , 871, 1828.260, 8.319, 1033, 7.985, 0.755
2011.2916, 2011, 4, 442, 238.877, 0.241, 447, 531.618, 0.370, , , , 464, 85.974, 0.334, 441, 324.086, 0.177, , , , 368, 1825.741, 8.341, 354, 7.436, 0.478
2011.3750, 2011, 5, 997, 238.643, 0.253, 994, 531.660, 0.363, , , , 1008, 85.912, 0.299, 977, 324.416, 0.201, , , , 997, 1819.723, 8.901, 879, 6.706, 0.483
2011.4584, 2011, 6, 749, 238.329, 0.298, 751, 531.185, 0.373, , , , 747, 85.777, 0.250, 746, 324.405, 0.156, , , , 793, 1810.990, 7.355, 730, 6.461, 0.423
2011.5416, 2011, 7, 731, 238.096, 0.283, 731, 530.846, 0.348, , , , 743, 85.664, 0.252, 736, 324.448, 0.153, , , , 634, 1807.097, 7.663, 763, 6.548, 0.539
2011.6250, 2011, 8, 908, 237.903, 0.300, 910, 530.497, 0.383, , , , 899, 85.484, 0.358, 882, 324.407, 0.163, , , , 776, 1801.795, 10.138, 867, 6.386, 0.550
2011.7084, 2011, 9, 809, 237.774, 0.374, 826, 530.296, 0.394, , , , 860, 85.356, 0.338, 760, 324.440, 0.194, , , , 773, 1806.999, 11.828, 786, 6.435, 0.676
2011.7916, 2011, 10, 871, 237.853, 0.263, 866, 530.290, 0.364, , , , 880, 85.429, 0.274, 857, 324.649, 0.211, , , , 871, 1819.495, 9.307, 832, 6.882, 0.628
2011.8750, 2011, 11, 699, 237.687, 0.330, 686, 530.087, 0.422, , , , 705, 85.255, 0.282, 683, 324.778, 0.194, , , , 673, 1820.981, 13.645, 683, 6.995, 0.690
2011.9584, 2011, 12, 993, 237.639, 0.289, 984, 529.947, 0.409, , , , 1013, 85.247, 0.248, 978, 324.898, 0.177, , , , 881, 1826.302, 15.147, 923, 7.516, 1.169
2012.0416, 2012, 1, 924, 237.629, 0.256, 933, 529.840, 0.415, , , , 956, 85.262, 0.194, 923, 324.925, 0.180, , , , 943, 1838.128, 5.707, 955, 8.583, 0.558
2012.1250, 2012, 2, 807, 237.455, 0.285, 843, 529.594, 0.393, , , , 844, 85.113, 0.231, 842, 324.952, 0.182, , , , 814, 1841.380, 6.449, 844, 8.635, 0.486
2012.2084, 2012, 3, 852, 237.206, 0.270, 872, 529.279, 0.378, , , , 889, 84.972, 0.183, 881, 325.035, 0.204, , , , 865, 1837.731, 7.239, 903, 8.107, 0.637
2012.2916, 2012, 4, 972, 236.797, 0.258, 972, 528.659, 0.427, , , , 990, 84.849, 0.173, 971, 324.971, 0.190, , , , 803, 1830.758, 6.546, 906, 7.415, 0.474
2012.3750, 2012, 5, 997, 236.388, 0.257, 989, 528.623, 0.507, , , , 1018, 84.703, 0.157, 979, 325.170, 0.198, , , , 657, 1827.302, 6.198, 867, 6.936, 0.490
2012.4584, 2012, 6, 556, 236.037, 0.233, 552, 528.771, 0.447, , , , 567, 84.663, 0.158, 543, 325.320, 0.249, , , , 440, 1819.286, 5.358, 471, 6.609, 0.435
2012.5416, 2012, 7, 186, 235.601, 0.275, 187, 528.136, 0.415, , , , 193, 84.427, 0.173, 176, 325.352, 0.221, , , , 178, 1810.997, 6.275, 164, 6.599, 0.435
2012.6250, 2012, 8, 901, 235.490, 0.301, 913, 527.651, 0.382, , , , 937, 84.313, 0.233, 898, 325.194, 0.196, , , , 897, 1814.541, 9.727, 848, 6.650, 0.594
2012.7084, 2012, 9, 908, 235.500, 0.331, 924, 527.508, 0.347, , , , 924, 84.241, 0.243, 896, 325.230, 0.169, , , , 923, 1813.889, 10.921, 725, 6.431, 0.514
2012.7916, 2012, 10, 992, 235.405, 0.336, 1004, 527.334, 0.349, , , , 1038, 84.135, 0.278, 998, 325.322, 0.169, , , , 1041, 1817.065, 13.039, 927, 6.673, 0.661
2012.8750, 2012, 11, 895, 235.720, 0.321, 922, 527.401, 0.357, , , , 906, 84.382, 0.268, 914, 325.451, 0.189, , , , 872, 1839.015, 14.780, 691, 8.141, 1.231
2012.9584, 2012, 12, 924, 235.736, 0.276, 933, 527.377, 0.369, , , , 961, 84.421, 0.241, 935, 325.612, 0.217, , , , 962, 1841.678, 9.230, 927, 8.875, 0.957
2013.0416, 2013, 1, 962, 235.569, 0.259, 980, 527.169, 0.451, , , , 982, 84.208, 0.259, 985, 325.720, 0.153, , , , 844, 1842.474, 5.942, 905, 9.213, 0.794
2013.1250, 2013, 2, 727, 235.313, 0.250, 772, 526.888, 0.449, , , , 779, 83.998, 0.245, 770, 325.831, 0.173, , , , 601, 1839.889, 5.500, 606, 8.972, 0.879
2013.2084, 2013, 3, 721, 235.146, 0.170, 701, 527.072, 0.676, , , , 732, 83.860, 0.181, 703, 326.086, 0.395, , , , 754, 1837.786, 7.057, 721, 7.914, 0.667
2013.2916, 2013, 4, 962, 234.967, 0.212, 931, 527.176, 0.665, , , , 979, 83.946, 0.166, 949, 326.222, 0.407, , , , 805, 1838.004, 6.142, 871, 7.894, 0.500
2013.3750, 2013, 5, 999, 234.680, 0.132, 991, 526.830, 0.571, , , , 1024, 83.861, 0.168, 990, 326.324, 0.365, , , , 968, 1835.014, 8.040, 1027, 7.586, 0.683
2013.4584, 2013, 6, 895, 234.798, 0.209, 913, 525.988, 0.450, , , , 923, 83.814, 0.163, 914, 326.237, 0.234, , , , 948, 1832.407, 6.769, 933, 7.650, 0.546
2013.5416, 2013, 7, 90, 234.673, 0.262, 341, 525.473, 0.328, , , , 92, 83.665, 0.110, 337, 326.414, 0.176, , , , 345, 1822.417, 5.290, 92, 7.069, 0.367
2013.6250, 2013, 8, 845, 234.438, 0.240, 897, 525.133, 0.360, , , , 891, 83.485, 0.181, 908, 326.259, 0.211, , , , 885, 1825.329, 6.563, 839, 7.301, 0.601
2013.7084, 2013, 9, 576, 234.300, 0.256, 575, 524.988, 0.337, , , , 614, 83.280, 0.172, 563, 326.405, 0.182, , , , 274, 1824.568, 7.917, 621, 6.752, 0.554
2013.7916, 2013, 10, 989, 234.297, 0.381, 995, 524.897, 0.348, , , , 1021, 83.213, 0.251, 983, 326.499, 0.192, , , , 855, 1825.959, 14.994, 996, 6.790, 0.881
2013.8750, 2013, 11, 954, 234.522, 0.340, 961, 524.723, 0.310, , , , 991, 83.244, 0.208, 956, 326.567, 0.187, , , , 937, 1839.900, 12.308, 985, 8.316, 1.251
2013.9584, 2013, 12, 996, 234.670, 0.267, 992, 524.591, 0.325, , , , 1026, 83.223, 0.181, 984, 326.600, 0.185, , , , 980, 1854.625, 7.251, 1033, 10.146, 0.778
2014.0416, 2014, 1, 986, 234.438, 0.243, 985, 524.330, 0.357, , , , 1015, 83.069, 0.166, 975, 326.657, 0.175, , , , 963, 1853.468, 8.935, 928, 10.058, 0.829
2014.1250, 2014, 2, 498, 234.087, 0.213, 495, 525.011, 0.319, , , , 509, 82.845, 0.149, 495, 327.067, 0.183, , , , 498, 1846.950, 8.433, 495, 8.978, 0.641
2014.2084, 2014, 3, 1003, 233.790, 0.215, 989, 524.693, 0.327, , , , 1037, 82.741, 0.142, 999, 327.139, 0.164, , , , 947, 1838.480, 7.361, 1034, 8.071, 0.553
2014.2916, 2014, 4, 974, 233.741, 0.240, 966, 524.301, 0.329, , , , 1003, 82.721, 0.169, 967, 327.190, 0.182, , , , 814, 1846.602, 6.521, 808, 8.680, 0.502
2014.3750, 2014, 5, 973, 233.563, 0.240, 964, 524.008, 0.332, , , , 989, 82.646, 0.172, 964, 327.288, 0.193, , , , 945, 1837.476, 7.790, 942, 8.102, 0.580
2014.4584, 2014, 6, 869, 233.458, 0.251, 869, 523.772, 0.337, , , , 890, 82.554, 0.193, 858, 327.464, 0.172, , , , 861, 1833.632, 6.527, 894, 7.605, 0.489
2014.5416, 2014, 7, , , , , , , , , , , , , , , , , , , , , , , , 
2014.6250, 2014, 8, , , , 517, 523.053, 0.329, , , , , , , 490, 327.536, 0.214, , , , 486, 1829.865, 11.233, , , 
2014.7084, 2014, 9, , , , 969, 523.031, 0.317, , , , , , , 943, 327.692, 0.173, , , , 902, 1833.165, 14.060, , , 
2014.7916, 2014, 10, 373, 233.082, 0.521, 943, 522.918, 0.368, , , , 386, 82.168, 0.293, 938, 327.870, 0.231, , , , 847, 1834.107, 17.695, 390, 7.331, 1.109
2014.8750, 2014, 11, 971, 233.417, 0.516, 971, 522.943, 0.352, , , , 996, 82.274, 0.267, 962, 327.977, 0.192, , , , 826, 1853.118, 16.522, 943, 8.468, 1.154
2014.9584, 2014, 12, 995, 233.364, 0.400, 999, 522.680, 0.332, , , , 1030, 82.199, 0.231, 977, 327.999, 0.184, , , , 751, 1859.572, 17.859, 1024, 9.020, 1.097
2015.0416, 2015, 1, 993, 233.101, 0.315, 996, 522.292, 0.327, , , , 1021, 82.045, 0.188, 970, 327.950, 0.167, , , , 825, 1862.178, 13.352, 1019, 9.104, 0.606
2015.1250, 2015, 2, 833, 232.807, 0.280, 836, 522.104, 0.312, , , , 863, 81.924, 0.177, 819, 328.015, 0.167, , , , 743, 1862.282, 14.891, 569, 8.615, 0.638
2015.2084, 2015, 3, 1002, 232.466, 0.332, 1007, 521.862, 0.344, , , , 1028, 81.824, 0.201, 987, 328.037, 0.180, , , , 875, 1860.669, 14.472, 930, 8.892, 0.646
