monthly mean of all (including pollution) data, created: 20-Jan-2016
GC-MD, Cape Matatula, Samoa, Lat.:, -14.23, 14.23S, Lon.:, -170.56, 170.56W, Alt:, 77, m above sea level
 
CREDIT FOR USE: This is a formal notification for data users. 
For scientific purposes access to these data is unlimited and 
provided without charge. By their use you accept that an offer 
of co-authorship will be made through personal contact with the
data providers or owners whenever substantial use is made of 
their data. In all cases an acknowledgement must be made to the
data providers or owners and the data centre when these data are
used within a publication.
CONTACT POINT: rfweiss@ucsd.edu; charth@ucsd.edu; raywang@eas.gatech.edu 

scale:, ---, ---, ---, SIO-05, ---, ---, SIO-05, ---, ---, SIO-05, ---, ---, SIO-05, ---, ---, SIO-98, ---, ---, SIO-05, ---, ---, Tohoku-Uni, ---, ---, SIO-98, ---
unit:, ---, ---, ---, ppt, ---, ---, ppt, ---, ---, ppt, ---, ---, ppt, ---, ---, ppb, ---, ---, ppt, ---, ---, ppb, ---, ---, ppt, ---
time, year, month, num, CFC-11, std. dev., num, CFC-12, std. dev., num, CH3CCl3, std. dev., num, CCl4, std. dev., num, N2O, std. dev., num, CFC-113, std. dev., num, CH4, std. dev., num, CHCl3, std. dev.
1996.6250, 1996, 8, 461, 262.768, 0.305, 459, 529.535, 0.760, 461, 84.693, 0.469, 462, 99.468, 0.301, 468, 312.109, 0.269, 454, 82.601, 0.281, 469, 1712.602, 2.703, 454, 6.068, 0.440
1996.7084, 1996, 9, 797, 262.624, 0.393, 795, 529.636, 1.014, 789, 84.082, 0.564, 794, 99.225, 0.371, 809, 312.121, 0.304, 787, 82.693, 0.310, 773, 1711.959, 2.263, 777, 6.146, 0.536
1996.7916, 1996, 10, 727, 262.667, 0.386, 739, 530.386, 0.863, 719, 82.408, 0.603, 717, 99.235, 0.337, 745, 312.336, 0.266, 722, 83.090, 0.290, 771, 1712.131, 4.243, 698, 5.510, 0.565
1996.8750, 1996, 11, 553, 263.039, 0.496, 558, 531.599, 1.094, 557, 80.614, 0.442, 549, 99.443, 0.390, 548, 312.739, 0.329, 548, 83.475, 0.271, 560, 1708.617, 6.064, 534, 5.006, 0.501
1996.9584, 1996, 12, 913, 262.962, 0.657, 916, 532.053, 1.442, 908, 79.720, 0.632, 904, 99.398, 0.470, 919, 312.828, 0.429, 912, 83.577, 0.318, 917, 1709.362, 11.436, 905, 5.002, 0.564
1997.0416, 1997, 1, 947, 263.001, 0.695, 941, 532.602, 1.562, 951, 78.929, 0.712, 946, 99.439, 0.484, 943, 312.883, 0.419, 935, 83.688, 0.307, 916, 1712.572, 13.388, 947, 5.362, 0.741
1997.1250, 1997, 2, 843, 262.876, 0.400, 831, 532.775, 0.926, 855, 77.547, 0.565, 841, 99.392, 0.315, 843, 312.969, 0.275, 833, 83.688, 0.269, 822, 1709.338, 9.772, 837, 4.827, 0.538
1997.2084, 1997, 3, 936, 263.069, 0.682, 973, 533.762, 1.441, 949, 77.144, 0.921, 961, 99.501, 0.449, 957, 313.142, 0.392, 954, 83.774, 0.300, 900, 1721.259, 16.535, 959, 5.711, 0.829
1997.2916, 1997, 4, 922, 262.648, 0.395, 941, 533.131, 0.848, 926, 75.610, 0.420, 934, 99.259, 0.300, 940, 312.993, 0.261, 926, 83.711, 0.267, 907, 1705.989, 5.937, 926, 5.008, 0.534
1997.3750, 1997, 5, 860, 261.962, 0.372, 869, 532.285, 0.718, 855, 75.033, 0.364, 858, 98.871, 0.304, 876, 312.698, 0.236, 846, 83.488, 0.253, 892, 1707.868, 2.721, 853, 5.544, 0.455
1997.4584, 1997, 6, 892, 261.620, 0.294, 897, 532.120, 0.572, 867, 75.263, 0.360, 880, 98.604, 0.305, 890, 312.895, 0.213, 877, 83.025, 0.285, 895, 1713.678, 2.711, 884, 6.413, 0.407
1997.5416, 1997, 7, 978, 261.884, 0.224, 974, 533.054, 0.566, 960, 74.338, 0.387, 965, 98.744, 0.276, 970, 313.135, 0.180, 970, 83.075, 0.220, 996, 1714.438, 2.499, 967, 6.231, 0.442
1997.6250, 1997, 8, 958, 261.714, 0.300, 958, 533.286, 0.707, 940, 73.802, 0.405, 954, 98.550, 0.327, 951, 313.161, 0.201, 934, 83.064, 0.224, 879, 1717.767, 2.072, 937, 6.378, 0.498
1997.7084, 1997, 9, 920, 261.730, 0.331, 927, 533.872, 0.713, 924, 72.513, 0.534, 933, 98.569, 0.324, 915, 313.271, 0.197, 892, 83.100, 0.260, 913, 1717.606, 3.429, 919, 6.038, 0.497
1997.7916, 1997, 10, 960, 261.605, 0.327, 948, 534.164, 0.747, 940, 71.174, 0.654, 954, 98.496, 0.315, 953, 313.332, 0.215, 925, 83.104, 0.248, 942, 1716.605, 2.816, 932, 5.658, 0.562
1997.8750, 1997, 11, 876, 261.320, 0.283, 899, 534.108, 0.630, 900, 70.079, 0.469, 891, 98.333, 0.272, 891, 313.288, 0.199, 855, 82.994, 0.261, 884, 1714.861, 2.183, 915, 5.534, 0.424
1997.9584, 1997, 12, 949, 261.271, 0.353, 955, 534.510, 0.767, 969, 68.629, 0.496, 929, 98.352, 0.314, 948, 313.360, 0.212, 908, 82.901, 0.258, 936, 1709.672, 4.295, 973, 5.283, 0.520
1998.0416, 1998, 1, 838, 261.719, 0.952, 851, 535.889, 1.965, 842, 67.551, 0.894, 836, 98.641, 0.649, 841, 313.645, 0.444, 834, 83.107, 0.332, 823, 1718.228, 22.647, 842, 5.848, 1.281
1998.1250, 1998, 2, 888, 260.961, 0.522, 847, 534.757, 1.043, 863, 66.025, 0.465, 857, 98.173, 0.355, 865, 313.316, 0.266, 857, 82.998, 0.304, 868, 1702.745, 5.824, 872, 5.280, 0.599
1998.2084, 1998, 3, 817, 261.192, 0.646, 815, 535.495, 1.168, 811, 65.262, 0.526, 809, 98.294, 0.434, 806, 313.419, 0.333, 810, 83.160, 0.329, 815, 1707.967, 12.219, 809, 5.198, 0.817
1998.2916, 1998, 4, 894, 260.786, 0.387, 927, 534.748, 0.718, 925, 64.722, 0.343, 924, 97.915, 0.300, 915, 313.167, 0.216, 913, 83.020, 0.275, 911, 1705.485, 4.973, 931, 5.032, 0.447
1998.3750, 1998, 5, 950, 260.877, 0.353, 953, 535.308, 0.764, 928, 64.192, 0.361, 938, 97.912, 0.302, 946, 313.344, 0.245, 950, 83.054, 0.243, 939, 1714.850, 3.019, 943, 5.506, 0.413
1998.4584, 1998, 6, 798, 260.764, 0.422, 778, 535.517, 0.721, 788, 63.613, 0.436, 759, 97.790, 0.346, 786, 313.430, 0.252, 737, 83.063, 0.257, 756, 1721.226, 3.898, 801, 5.880, 0.455
1998.5416, 1998, 7, 971, 260.659, 0.271, 976, 535.765, 0.571, 971, 63.173, 0.481, 958, 97.641, 0.275, 989, 313.498, 0.194, 952, 82.975, 0.229, 980, 1727.878, 2.482, 962, 6.258, 0.414
1998.6250, 1998, 8, 952, 260.655, 0.254, 952, 536.290, 0.589, 930, 62.231, 0.454, 933, 97.646, 0.280, 940, 313.676, 0.202, 923, 82.994, 0.231, 950, 1729.834, 2.441, 945, 6.058, 0.380
1998.7084, 1998, 9, 942, 260.652, 0.311, 929, 536.909, 0.708, 916, 61.090, 0.489, 910, 97.714, 0.305, 928, 313.874, 0.234, 909, 83.071, 0.244, 937, 1730.025, 3.285, 907, 5.655, 0.468
1998.7916, 1998, 10, 827, 260.509, 0.319, 824, 537.089, 0.799, 816, 60.065, 0.703, 793, 97.707, 0.315, 832, 313.983, 0.271, 793, 83.086, 0.218, 802, 1728.351, 3.706, 813, 5.368, 0.555
1998.8750, 1998, 11, 873, 260.880, 0.311, 871, 538.124, 0.681, 878, 58.455, 0.522, 870, 97.723, 0.240, 870, 314.357, 0.230, 835, 83.055, 0.218, 866, 1727.296, 6.519, 864, 4.671, 0.493
1998.9584, 1998, 12, 979, 260.730, 0.500, 975, 538.293, 1.200, 975, 57.756, 0.602, 971, 97.620, 0.373, 977, 314.519, 0.437, 970, 82.889, 0.254, 952, 1730.892, 12.449, 984, 4.961, 0.650
1999.0416, 1999, 1, 966, 260.941, 0.437, 966, 539.130, 1.017, 951, 56.871, 0.404, 967, 97.742, 0.322, 974, 314.754, 0.345, 950, 82.926, 0.229, 958, 1738.896, 13.503, 973, 5.198, 0.722
1999.1250, 1999, 2, 571, 260.999, 0.343, 571, 539.490, 0.784, 574, 56.167, 0.308, 572, 97.724, 0.282, 573, 314.955, 0.299, 564, 82.960, 0.238, 537, 1742.546, 9.739, 575, 5.287, 0.703
1999.2084, 1999, 3, 861, 260.330, 0.303, 872, 538.466, 0.589, 871, 54.873, 0.344, 875, 97.382, 0.274, 872, 314.562, 0.208, 843, 82.772, 0.269, 887, 1722.614, 6.592, 874, 4.455, 0.531
1999.2916, 1999, 4, 949, 260.313, 0.365, 946, 538.897, 0.795, 945, 54.232, 0.318, 939, 97.391, 0.257, 952, 314.775, 0.325, 917, 82.744, 0.260, 962, 1732.280, 8.656, 949, 4.659, 0.490
1999.3750, 1999, 5, 935, 259.996, 0.546, 956, 538.762, 0.962, 963, 53.781, 0.343, 955, 97.209, 0.382, 959, 314.678, 0.392, 964, 82.552, 0.321, 975, 1735.809, 5.816, 963, 5.128, 0.582
1999.4584, 1999, 6, 929, 259.868, 0.375, 939, 538.919, 0.620, 949, 53.085, 0.316, 943, 97.102, 0.299, 936, 314.742, 0.259, 922, 82.499, 0.255, 957, 1739.250, 4.267, 949, 5.249, 0.522
1999.5416, 1999, 7, 886, 259.612, 0.269, 892, 538.971, 0.531, 889, 52.470, 0.332, 895, 96.941, 0.249, 889, 314.714, 0.196, 891, 82.414, 0.211, 889, 1736.132, 3.105, 887, 5.411, 0.434
1999.6250, 1999, 8, 961, 259.584, 0.283, 969, 539.375, 0.522, 963, 51.744, 0.367, 956, 96.907, 0.263, 958, 314.800, 0.184, 944, 82.414, 0.232, 937, 1738.067, 3.338, 966, 5.402, 0.421
1999.7084, 1999, 9, 927, 259.166, 0.389, 944, 539.112, 0.692, 929, 51.258, 0.498, 926, 96.558, 0.332, 932, 314.692, 0.269, 925, 82.282, 0.270, 929, 1739.049, 2.803, 936, 5.748, 0.615
1999.7916, 1999, 10, 951, 259.067, 0.357, 959, 539.363, 0.688, 958, 50.188, 0.512, 944, 96.562, 0.283, 957, 314.810, 0.279, 945, 82.286, 0.270, 937, 1737.208, 3.660, 956, 5.150, 0.578
1999.8750, 1999, 11, 820, 259.195, 0.396, 802, 539.964, 0.747, 818, 49.085, 0.360, 826, 96.676, 0.302, 813, 315.075, 0.282, 810, 82.340, 0.264, 810, 1734.680, 5.894, 818, 4.772, 0.513
1999.9584, 1999, 12, 813, 259.336, 0.452, 820, 540.517, 0.860, 819, 47.991, 0.335, 819, 96.518, 0.312, 826, 315.227, 0.318, 753, 82.528, 0.296, 772, 1731.817, 10.055, 818, 4.929, 0.588
2000.0416, 2000, 1, 816, 259.623, 0.350, 830, 541.438, 0.499, 813, 47.321, 0.336, 818, 96.669, 0.258, 817, 315.586, 0.178, 790, 82.570, 0.293, 790, 1739.566, 7.002, 811, 5.347, 0.600
2000.1250, 2000, 2, 886, 259.432, 0.418, 904, 541.383, 0.708, 868, 46.586, 0.336, 888, 96.608, 0.290, 895, 315.604, 0.288, 845, 82.473, 0.296, 897, 1737.684, 10.707, 890, 5.104, 0.665
2000.2084, 2000, 3, 962, 259.416, 0.453, 961, 541.634, 0.808, 981, 46.006, 0.407, 964, 96.592, 0.299, 968, 315.726, 0.297, 915, 82.513, 0.309, 851, 1740.224, 12.415, 967, 5.311, 0.775
2000.2916, 2000, 4, 918, 259.063, 0.473, 916, 541.271, 0.749, 923, 45.346, 0.341, 923, 96.398, 0.300, 929, 315.590, 0.282, 893, 82.383, 0.330, 934, 1734.092, 7.493, 926, 5.157, 0.517
2000.3750, 2000, 5, 286, 258.901, 0.601, 290, 541.008, 0.961, 245, 45.093, 0.317, 287, 96.219, 0.355, 290, 315.520, 0.355, 267, 82.235, 0.383, 290, 1734.213, 6.227, 285, 5.440, 0.585
2000.4584, 2000, 6, 124, 258.136, 0.259, 121, 540.391, 0.443, 124, 44.441, 0.322, 126, 95.839, 0.268, 122, 315.229, 0.173, 112, 81.935, 0.187, 118, 1732.198, 2.330, 122, 5.886, 0.350
2000.5416, 2000, 7, 643, 258.245, 0.321, 645, 540.967, 0.558, 647, 43.888, 0.348, 648, 95.846, 0.294, 660, 315.463, 0.223, 641, 82.078, 0.219, 617, 1739.000, 3.068, 650, 5.952, 0.487
2000.6250, 2000, 8, 943, 258.237, 0.477, 973, 541.418, 0.661, 951, 43.244, 0.398, 949, 95.839, 0.397, 988, 315.635, 0.280, 960, 82.041, 0.274, 921, 1740.023, 3.939, 953, 5.829, 0.499
2000.7084, 2000, 9, 912, 258.142, 0.385, 932, 541.670, 0.722, 930, 42.543, 0.526, 920, 95.748, 0.359, 935, 315.722, 0.289, 919, 81.977, 0.250, 918, 1738.422, 3.444, 933, 5.540, 0.510
2000.7916, 2000, 10, 841, 258.189, 0.324, 840, 542.189, 0.713, 826, 41.493, 0.589, 836, 95.613, 0.303, 839, 316.018, 0.326, 830, 81.993, 0.229, 784, 1738.625, 4.517, 837, 5.055, 0.481
2000.8750, 2000, 11, 809, 258.054, 0.320, 880, 541.960, 0.624, 820, 41.166, 0.418, 808, 95.842, 0.288, 870, 316.111, 0.239, 808, 82.054, 0.217, 802, 1727.790, 5.151, 817, 4.378, 0.422
2000.9584, 2000, 12, 948, 258.151, 0.549, 966, 542.573, 0.989, 960, 40.398, 0.323, 951, 95.912, 0.396, 963, 316.354, 0.377, 936, 81.999, 0.240, 887, 1733.711, 11.746, 969, 4.731, 0.559
2001.0416, 2001, 1, 769, 258.201, 0.319, 828, 542.907, 0.643, 775, 39.789, 0.335, 764, 95.989, 0.290, 826, 316.543, 0.252, 750, 82.001, 0.197, 791, 1732.512, 8.097, 777, 4.522, 0.449
2001.1250, 2001, 2, 878, 258.166, 0.374, 874, 543.235, 0.730, 880, 39.170, 0.354, 879, 95.992, 0.284, 877, 316.717, 0.308, 883, 81.889, 0.209, 776, 1740.200, 9.349, 886, 4.815, 0.576
2001.2084, 2001, 3, 974, 257.904, 0.483, 972, 543.003, 0.883, 969, 38.615, 0.452, 969, 95.895, 0.341, 966, 316.580, 0.345, 965, 81.798, 0.227, 767, 1734.508, 13.302, 979, 4.744, 0.728
2001.2916, 2001, 4, 923, 257.365, 0.594, 939, 542.235, 0.940, 933, 38.094, 0.334, 921, 95.554, 0.370, 942, 316.247, 0.377, 921, 81.626, 0.289, 164, 1741.946, 13.237, 928, 4.694, 0.511
2001.3750, 2001, 5, 976, 256.673, 0.466, 981, 541.503, 0.708, 965, 37.706, 0.333, 964, 95.146, 0.309, 981, 315.951, 0.313, 969, 81.743, 0.401, , , , 965, 5.137, 0.407
2001.4584, 2001, 6, 948, 256.819, 0.251, 945, 542.060, 0.521, 950, 37.101, 0.327, 941, 95.234, 0.251, 950, 316.236, 0.241, 946, 81.865, 0.204, , , , 952, 5.085, 0.400
2001.5416, 2001, 7, 949, 256.913, 0.522, 958, 542.307, 0.803, 971, 36.737, 0.358, 956, 95.158, 0.388, 974, 316.301, 0.308, 945, 81.775, 0.285, , , , 960, 5.352, 0.544
2001.6250, 2001, 8, 824, 256.635, 0.401, 851, 542.231, 0.730, 828, 36.284, 0.344, 806, 94.951, 0.350, 848, 316.236, 0.299, 823, 81.613, 0.229, , , , 827, 5.578, 0.422
2001.7084, 2001, 9, 647, 256.401, 0.319, 683, 542.117, 0.656, 655, 35.961, 0.430, 660, 94.653, 0.315, 671, 316.267, 0.243, 644, 81.348, 0.233, , , , 659, 5.611, 0.443
2001.7916, 2001, 10, 880, 256.579, 0.425, 981, 542.387, 0.626, 932, 35.208, 0.624, 878, 94.652, 0.348, 975, 316.446, 0.244, 902, 81.261, 0.238, 290, 1736.830, 5.212, 976, 5.410, 0.590
2001.8750, 2001, 11, 939, 256.233, 0.450, 956, 542.708, 0.875, 922, 34.335, 0.540, 923, 94.711, 0.415, 957, 316.619, 0.345, 950, 81.363, 0.264, 898, 1738.690, 5.922, 957, 4.942, 0.446
2001.9584, 2001, 12, 957, 256.161, 0.577, 964, 542.983, 1.084, 966, 33.713, 0.492, 963, 94.764, 0.445, 963, 316.758, 0.375, 951, 81.385, 0.279, 623, 1739.393, 14.162, 966, 5.004, 0.656
2002.0416, 2002, 1, 986, 256.424, 0.385, 989, 543.690, 0.671, 986, 32.978, 0.361, 993, 94.949, 0.312, 986, 317.061, 0.226, 985, 81.487, 0.212, 913, 1732.191, 9.990, 987, 4.698, 0.592
2002.1250, 2002, 2, 887, 256.279, 0.404, 890, 543.632, 0.819, 889, 32.514, 0.320, 882, 94.917, 0.286, 892, 317.089, 0.302, 877, 81.477, 0.204, 693, 1731.597, 13.651, 881, 4.642, 0.568
2002.2084, 2002, 3, 945, 256.133, 0.387, 954, 543.578, 0.680, 969, 32.078, 0.342, 951, 94.829, 0.295, 957, 317.107, 0.261, 954, 81.299, 0.360, 474, 1733.729, 7.409, 972, 4.780, 0.482
2002.2916, 2002, 4, 942, 255.542, 0.391, 946, 542.899, 0.609, 953, 31.527, 0.299, 950, 94.519, 0.289, 958, 316.865, 0.268, 943, 80.890, 0.237, 756, 1726.356, 7.202, 950, 4.447, 0.405
2002.3750, 2002, 5, 942, 255.075, 0.393, 957, 542.398, 0.629, 949, 31.248, 0.302, 945, 94.233, 0.344, 948, 316.652, 0.279, 939, 80.635, 0.246, 929, 1728.211, 4.036, 947, 4.787, 0.423
2002.4584, 2002, 6, 925, 254.938, 0.360, 928, 542.403, 0.590, 930, 30.868, 0.305, 923, 94.100, 0.321, 928, 316.637, 0.262, 928, 80.569, 0.248, 764, 1733.839, 3.353, 929, 5.308, 0.431
2002.5416, 2002, 7, 428, 254.970, 0.270, 433, 542.726, 0.635, 427, 30.531, 0.294, 431, 94.172, 0.306, 433, 316.784, 0.271, 432, 80.589, 0.227, 393, 1735.517, 2.273, 432, 5.197, 0.320
2002.6250, 2002, 8, 446, 254.576, 0.395, 457, 542.813, 0.874, 452, 29.708, 0.452, 456, 93.627, 0.387, 458, 316.909, 0.391, 452, 80.388, 0.247, 460, 1741.435, 3.016, 457, 5.636, 0.498
2002.7084, 2002, 9, 941, 254.432, 0.356, 940, 542.835, 0.781, 938, 29.327, 0.386, 940, 93.590, 0.357, 939, 316.911, 0.307, 932, 80.289, 0.253, 912, 1738.839, 2.752, 939, 5.462, 0.447
2002.7916, 2002, 10, 979, 254.286, 0.382, 976, 542.953, 0.819, 974, 28.795, 0.362, 965, 93.533, 0.343, 974, 317.039, 0.342, 977, 80.287, 0.249, 933, 1737.238, 3.783, 971, 5.027, 0.544
2002.8750, 2002, 11, 908, 254.335, 0.317, 928, 543.245, 0.505, 917, 28.197, 0.423, 915, 93.631, 0.347, 927, 317.249, 0.275, 916, 80.353, 0.225, 875, 1731.228, 4.534, 927, 4.477, 0.416
2002.9584, 2002, 12, 967, 253.999, 0.527, 974, 542.992, 0.864, 970, 27.835, 0.399, 964, 93.472, 0.403, 970, 317.158, 0.369, 964, 80.195, 0.262, 892, 1728.986, 8.074, 973, 4.578, 0.530
2003.0416, 2003, 1, 966, 254.351, 0.486, 980, 543.749, 1.006, 971, 27.276, 0.301, 970, 93.825, 0.370, 978, 317.558, 0.394, 955, 80.202, 0.269, 791, 1739.060, 11.536, 969, 4.829, 0.643
2003.1250, 2003, 2, 475, 253.625, 0.600, 477, 542.731, 1.253, 476, 26.816, 0.363, 480, 93.397, 0.416, 476, 317.196, 0.503, 470, 80.074, 0.306, 462, 1724.661, 11.863, 475, 4.578, 0.543
2003.2084, 2003, 3, 947, 254.105, 0.418, 958, 543.792, 0.812, 952, 26.529, 0.294, 951, 93.765, 0.303, 958, 317.671, 0.307, 948, 80.148, 0.257, 779, 1737.578, 6.593, 957, 4.888, 0.485
2003.2916, 2003, 4, 904, 253.638, 0.465, 912, 543.238, 0.801, 905, 26.049, 0.344, 903, 93.393, 0.352, 910, 317.522, 0.396, 900, 80.014, 0.238, 812, 1735.962, 10.927, 909, 4.653, 0.411
2003.3750, 2003, 5, 927, 253.120, 0.373, 955, 542.677, 0.530, 951, 25.867, 0.342, 937, 92.999, 0.335, 957, 317.303, 0.247, 938, 79.815, 0.238, 897, 1733.003, 6.087, 947, 4.928, 0.493
2003.4584, 2003, 6, 440, 252.842, 0.382, 502, 542.118, 0.435, 480, 25.927, 0.563, 432, 92.599, 0.323, 495, 317.008, 0.177, 459, 79.706, 0.247, 454, 1735.966, 3.080, 501, 5.620, 0.345
2003.5416, 2003, 7, 954, 253.174, 0.346, 965, 542.824, 0.598, 927, 25.488, 0.465, 962, 92.707, 0.312, 963, 317.346, 0.294, 963, 79.950, 0.360, 904, 1738.608, 3.153, 967, 5.556, 0.431
2003.6250, 2003, 8, 933, 253.157, 0.401, 959, 543.083, 0.594, 935, 25.155, 0.463, 943, 92.736, 0.346, 961, 317.565, 0.269, 961, 80.040, 0.356, 920, 1740.941, 3.053, 954, 5.444, 0.475
2003.7084, 2003, 9, 928, 252.990, 0.376, 944, 543.153, 0.550, 940, 24.743, 0.338, 925, 92.674, 0.332, 940, 317.663, 0.253, 940, 79.980, 0.265, 866, 1739.826, 3.397, 927, 5.209, 0.440
2003.7916, 2003, 10, 964, 252.843, 0.328, 973, 543.190, 0.569, 961, 24.296, 0.410, 953, 92.549, 0.315, 972, 317.778, 0.273, 967, 79.955, 0.246, 865, 1738.124, 3.811, 971, 5.041, 0.412
2003.8750, 2003, 11, 892, 252.706, 0.387, 906, 543.185, 0.636, 904, 23.716, 0.479, 900, 92.495, 0.346, 898, 317.872, 0.282, 916, 79.691, 0.352, 797, 1733.172, 4.004, 915, 4.682, 0.398
2003.9584, 2003, 12, 948, 252.900, 0.496, 863, 543.677, 0.617, 977, 23.239, 0.347, 946, 92.757, 0.388, 863, 318.195, 0.270, 960, 79.788, 0.312, 930, 1732.922, 9.114, 971, 4.421, 0.460
2004.0416, 2004, 1, 661, 252.439, 0.649, 153, 544.174, 0.706, 667, 22.850, 0.432, 665, 92.494, 0.514, 157, 318.443, 0.331, 668, 79.942, 0.282, 649, 1730.256, 17.343, 686, 4.557, 0.848
2004.1250, 2004, 2, 878, 252.622, 0.370, 146, 543.852, 0.539, 868, 22.429, 0.395, 892, 92.714, 0.297, 146, 318.331, 0.262, 895, 80.177, 0.303, 867, 1730.500, 10.998, 901, 4.268, 0.487
2004.2084, 2004, 3, 839, 252.424, 0.395, 551, 543.871, 0.747, 834, 22.054, 0.340, 839, 92.774, 0.407, 551, 318.496, 0.350, 849, 79.726, 0.390, 848, 1734.964, 15.073, 869, 4.626, 0.688
2004.2916, 2004, 4, 850, 251.808, 0.572, 878, 543.175, 0.970, 866, 21.792, 0.352, 871, 92.646, 0.442, 793, 318.284, 0.437, 862, 79.176, 0.309, 810, 1732.639, 13.088, 879, 4.923, 0.528
2004.3750, 2004, 5, 954, 251.388, 0.275, 952, 542.755, 0.474, 958, 21.416, 0.493, 953, 92.401, 0.279, 950, 318.105, 0.209, 943, 78.913, 0.253, 893, 1729.627, 2.661, 951, 4.658, 0.395
2004.4584, 2004, 6, 924, 251.136, 0.417, 938, 542.599, 0.638, 937, 21.304, 0.534, 919, 92.266, 0.352, 939, 318.088, 0.282, 931, 78.746, 0.349, 860, 1735.657, 3.897, 939, 5.034, 0.541
2004.5416, 2004, 7, 936, 250.958, 0.342, 960, 542.519, 0.542, 959, 21.145, 0.552, 945, 92.154, 0.305, 961, 318.095, 0.285, 941, 78.828, 0.320, 846, 1739.709, 2.554, 960, 5.383, 0.417
2004.6250, 2004, 8, 952, 251.139, 0.282, 976, 543.023, 0.473, 963, 20.665, 0.412, 954, 92.291, 0.266, 977, 318.422, 0.247, 960, 78.939, 0.330, 928, 1739.581, 3.176, 969, 4.955, 0.419
2004.7084, 2004, 9, 939, 250.750, 0.308, 945, 542.691, 0.562, 927, 20.429, 0.450, 942, 92.004, 0.313, 943, 318.335, 0.291, 938, 78.667, 0.250, 848, 1739.721, 3.086, 936, 5.155, 0.589
2004.7916, 2004, 10, 950, 250.610, 0.375, 961, 542.679, 0.588, 942, 20.099, 0.294, 952, 91.985, 0.330, 955, 318.442, 0.341, 951, 78.644, 0.301, 879, 1736.102, 4.121, 959, 4.841, 0.463
2004.8750, 2004, 11, 938, 250.733, 0.369, 942, 542.999, 0.620, 931, 19.651, 0.275, 942, 92.105, 0.307, 940, 318.738, 0.363, 933, 78.729, 0.307, 890, 1735.448, 5.672, 940, 4.507, 0.392
2004.9584, 2004, 12, 821, 250.487, 0.412, 844, 542.673, 0.718, 828, 19.350, 0.348, 842, 91.901, 0.386, 842, 318.699, 0.399, 843, 78.585, 0.295, 777, 1727.009, 8.496, 836, 4.433, 0.414
2005.0416, 2005, 1, 939, 250.841, 0.399, 979, 543.154, 0.743, 952, 19.141, 0.346, 971, 92.043, 0.344, 980, 319.097, 0.428, 955, 78.772, 0.304, 934, 1736.437, 12.376, 965, 4.940, 0.699
2005.1250, 2005, 2, 654, 250.076, 0.622, 694, 542.234, 0.868, 682, 18.793, 0.311, 679, 91.669, 0.414, 702, 318.690, 0.478, 640, 78.568, 0.323, 693, 1723.144, 12.447, 698, 4.858, 0.714
2005.2084, 2005, 3, 827, 250.328, 0.463, 934, 543.065, 0.736, 909, 18.633, 0.283, 866, 91.949, 0.373, 933, 319.059, 0.429, 880, 78.814, 0.255, 918, 1734.525, 12.006, 934, 4.992, 0.643
2005.2916, 2005, 4, 837, 249.862, 0.443, 922, 542.551, 0.730, 901, 18.366, 0.263, 868, 91.663, 0.344, 925, 318.953, 0.509, 875, 78.654, 0.286, 917, 1731.919, 11.842, 924, 4.814, 0.552
2005.3750, 2005, 5, 947, 249.190, 0.520, 974, 541.732, 0.768, 974, 18.224, 0.260, 972, 91.236, 0.406, 970, 318.576, 0.497, 959, 78.519, 0.316, 966, 1730.058, 5.425, 974, 5.099, 0.421
2005.4584, 2005, 6, 917, 249.278, 0.418, 933, 542.027, 0.663, 840, 17.826, 0.343, 920, 91.323, 0.406, 941, 318.837, 0.468, 927, 78.411, 0.362, 947, 1733.814, 2.937, 942, 5.272, 0.500
2005.5416, 2005, 7, 944, 248.954, 0.463, 960, 541.778, 0.836, 940, 17.756, 0.346, 957, 91.021, 0.391, 959, 318.767, 0.579, 940, 78.177, 0.276, 932, 1737.524, 3.382, 955, 5.665, 0.515
2005.6250, 2005, 8, 969, 249.082, 0.392, 977, 542.180, 0.689, 966, 17.484, 0.300, 970, 91.063, 0.319, 980, 319.050, 0.528, 979, 78.342, 0.294, 942, 1740.022, 3.701, 980, 5.484, 0.426
2005.7084, 2005, 9, 938, 249.049, 0.387, 944, 542.336, 0.614, 940, 17.146, 0.247, 936, 91.060, 0.306, 948, 319.215, 0.503, 937, 78.380, 0.259, 920, 1738.953, 3.681, 939, 5.130, 0.356
2005.7916, 2005, 10, 951, 248.932, 0.350, 960, 542.361, 0.565, 949, 16.792, 0.251, 954, 91.004, 0.294, 956, 319.378, 0.443, 942, 78.380, 0.249, 880, 1737.571, 4.161, 957, 4.819, 0.373
2005.8750, 2005, 11, 927, 248.922, 0.331, 946, 542.460, 0.541, 944, 16.440, 0.255, 938, 91.000, 0.289, 940, 319.607, 0.414, 929, 78.355, 0.223, 924, 1734.483, 5.811, 949, 4.536, 0.416
2005.9584, 2005, 12, 907, 248.853, 0.376, 952, 542.369, 0.664, 943, 16.060, 0.319, 946, 90.887, 0.342, 956, 319.635, 0.456, 938, 78.204, 0.259, 923, 1732.083, 7.641, 955, 4.639, 0.483
2006.0416, 2006, 1, 956, 248.894, 0.426, 970, 542.623, 0.731, 935, 15.839, 0.301, 969, 91.011, 0.365, 952, 319.877, 0.530, 952, 78.093, 0.234, 944, 1740.244, 14.677, 961, 4.961, 0.750
2006.1250, 2006, 2, 815, 248.920, 0.439, 818, 542.831, 0.706, 817, 15.670, 0.313, 824, 91.215, 0.295, 821, 320.181, 0.480, 798, 78.275, 0.292, 799, 1748.855, 12.634, 814, 5.360, 0.792
2006.2084, 2006, 3, 971, 248.096, 0.370, 977, 541.855, 0.626, 974, 15.435, 0.285, 971, 91.146, 0.274, 977, 319.823, 0.380, 972, 78.119, 0.263, 946, 1728.387, 9.859, 974, 4.184, 0.436
2006.2916, 2006, 4, 911, 247.818, 0.402, 919, 541.515, 0.678, 925, 15.212, 0.278, 921, 90.968, 0.312, 915, 319.736, 0.356, 919, 78.011, 0.310, 871, 1727.045, 6.688, 926, 4.332, 0.474
2006.3750, 2006, 5, 601, 247.978, 0.342, 600, 541.825, 0.551, 604, 15.076, 0.279, 606, 91.033, 0.273, 607, 320.082, 0.304, 603, 78.112, 0.237, 583, 1736.252, 5.906, 604, 4.610, 0.428
2006.4584, 2006, 6, 918, 247.221, 0.275, 925, 541.137, 0.463, 932, 14.875, 0.253, 927, 90.566, 0.254, 920, 319.709, 0.303, 927, 77.767, 0.210, 872, 1734.367, 6.892, 925, 5.036, 0.308
2006.5416, 2006, 7, 897, 246.981, 0.402, 893, 540.882, 0.611, 904, 14.748, 0.268, 901, 90.373, 0.334, 894, 319.708, 0.341, 895, 77.700, 0.213, 854, 1739.186, 4.564, 900, 5.362, 0.410
2006.6250, 2006, 8, 963, 246.560, 0.323, 961, 540.405, 0.550, 980, 14.613, 0.287, 975, 90.090, 0.291, 958, 319.563, 0.290, 975, 77.589, 0.217, 982, 1739.559, 2.482, 980, 5.481, 0.452
2006.7084, 2006, 9, 886, 246.539, 0.269, 881, 540.497, 0.448, 896, 14.334, 0.278, 894, 90.094, 0.265, 887, 319.758, 0.239, 890, 77.568, 0.209, 894, 1739.578, 3.413, 897, 5.174, 0.425
2006.7916, 2006, 10, 791, 246.335, 0.443, 802, 540.270, 0.681, 806, 14.148, 0.285, 790, 89.960, 0.372, 800, 319.832, 0.371, 802, 77.515, 0.245, 816, 1739.739, 4.445, 805, 4.994, 0.461
2006.8750, 2006, 11, 940, 246.127, 0.350, 943, 539.973, 0.535, 939, 13.835, 0.270, 929, 89.898, 0.283, 940, 319.835, 0.275, 947, 77.554, 0.241, 934, 1733.224, 5.125, 948, 4.527, 0.418
2006.9584, 2006, 12, 652, 246.135, 0.390, 620, 539.945, 0.548, 665, 13.532, 0.268, 658, 90.010, 0.317, 622, 320.050, 0.301, 652, 77.595, 0.232, 696, 1732.223, 6.866, 665, 4.387, 0.379
2007.0416, 2007, 1, 735, 245.661, 0.444, 734, 539.660, 0.600, 938, 13.292, 0.284, 930, 89.860, 0.316, 735, 319.953, 0.355, 736, 77.588, 0.270, 918, 1724.572, 11.121, 937, 4.482, 0.535
2007.1250, 2007, 2, 665, 246.087, 0.325, 665, 540.427, 0.485, 874, 13.076, 0.275, 869, 90.204, 0.256, 666, 320.541, 0.270, 671, 77.843, 0.241, 860, 1743.846, 8.821, 876, 5.270, 0.648
2007.2084, 2007, 3, 897, 245.808, 0.330, 906, 540.068, 0.562, 958, 12.912, 0.281, 957, 90.040, 0.238, 904, 320.526, 0.330, 900, 77.639, 0.231, 938, 1742.146, 11.216, 957, 5.022, 0.569
2007.2916, 2007, 4, 901, 245.426, 0.365, 909, 539.561, 0.549, 937, 12.715, 0.274, 936, 89.843, 0.257, 911, 320.317, 0.314, 904, 77.458, 0.257, 924, 1732.096, 8.237, 939, 4.719, 0.485
2007.3750, 2007, 5, 936, 245.215, 0.318, 956, 539.284, 0.517, 955, 12.533, 0.274, 948, 89.706, 0.282, 955, 320.341, 0.295, 946, 77.346, 0.238, 948, 1736.746, 5.605, 949, 5.006, 0.429
2007.4584, 2007, 6, 920, 244.728, 0.320, 898, 538.085, 0.602, 924, 12.396, 0.274, 921, 89.300, 0.293, 888, 320.052, 0.301, 921, 77.113, 0.217, 905, 1740.628, 2.917, 914, 5.840, 0.850
2007.5416, 2007, 7, 967, 244.609, 0.290, 974, 538.170, 0.495, 978, 12.306, 0.270, 970, 89.214, 0.272, 950, 320.132, 0.288, 976, 77.106, 0.209, 951, 1743.172, 2.684, 975, 5.704, 0.372
2007.6250, 2007, 8, 980, 244.254, 0.292, 977, 537.786, 0.478, 981, 12.192, 0.259, 974, 89.062, 0.260, 973, 320.055, 0.222, 978, 76.993, 0.190, 944, 1744.746, 2.694, 971, 5.742, 0.381
2007.7084, 2007, 9, 852, 244.037, 0.266, 856, 537.530, 0.435, 856, 11.940, 0.284, 854, 88.896, 0.238, 854, 320.192, 0.336, 842, 76.913, 0.203, 836, 1750.952, 9.333, 851, 5.470, 0.505
2007.7916, 2007, 10, 874, 244.189, 0.308, 883, 538.124, 0.497, 879, 11.756, 0.258, 876, 89.121, 0.264, 876, 320.708, 0.320, 874, 76.949, 0.227, 878, 1748.766, 7.132, 878, 4.789, 0.387
2007.8750, 2007, 11, 928, 244.330, 0.329, 940, 538.220, 0.536, 934, 11.539, 0.243, 935, 89.249, 0.263, 936, 321.178, 0.366, 933, 76.944, 0.217, 909, 1751.789, 8.855, 932, 4.859, 0.459
2007.9584, 2007, 12, 948, 243.971, 0.521, 960, 537.811, 0.562, 953, 11.382, 0.239, 956, 89.066, 0.310, 956, 321.045, 0.360, 947, 76.856, 0.210, 918, 1745.692, 8.957, 948, 4.761, 0.481
2008.0416, 2008, 1, 909, 244.177, 0.506, 904, 538.109, 0.551, 914, 11.251, 0.253, 916, 89.184, 0.283, 905, 321.508, 0.334, 910, 76.896, 0.239, 883, 1755.887, 10.670, 905, 5.129, 0.589
2008.1250, 2008, 2, 899, 243.865, 0.456, 911, 537.722, 0.565, 901, 11.038, 0.239, 906, 89.041, 0.278, 905, 321.351, 0.329, 907, 76.848, 0.221, 855, 1742.613, 9.784, 906, 4.549, 0.474
2008.2084, 2008, 3, 955, 243.616, 0.422, 957, 537.404, 0.607, 961, 10.862, 0.242, 961, 88.911, 0.270, 959, 321.309, 0.318, 957, 76.752, 0.209, 923, 1743.356, 8.208, 963, 4.556, 0.390
2008.2916, 2008, 4, 927, 243.352, 0.442, 939, 537.055, 0.559, 939, 10.718, 0.223, 943, 88.780, 0.264, 935, 321.221, 0.308, 936, 76.685, 0.241, 872, 1741.024, 7.631, 935, 4.422, 0.373
2008.3750, 2008, 5, 957, 243.183, 0.455, 955, 536.880, 0.623, 960, 10.597, 0.230, 959, 88.657, 0.283, 857, 321.288, 0.345, 954, 76.613, 0.248, 939, 1744.286, 4.739, 959, 4.658, 0.406
2008.4584, 2008, 6, 865, 242.866, 0.478, 773, 536.594, 0.600, 863, 10.505, 0.231, 867, 88.480, 0.309, 694, 321.288, 0.276, 862, 76.479, 0.212, 828, 1749.853, 3.611, 868, 5.107, 0.383
2008.5416, 2008, 7, 971, 242.360, 0.348, 963, 536.039, 0.559, 973, 10.445, 0.224, 975, 88.110, 0.315, 952, 320.996, 0.314, 978, 76.373, 0.194, 928, 1752.806, 4.182, 970, 5.498, 0.382
2008.6250, 2008, 8, 959, 242.260, 0.291, 961, 535.880, 0.440, 962, 10.286, 0.244, 960, 87.993, 0.288, 962, 321.076, 0.244, 965, 76.271, 0.188, 908, 1753.330, 2.935, 959, 5.512, 0.368
2008.7084, 2008, 9, 902, 242.228, 0.450, 904, 535.833, 0.666, 907, 10.154, 0.256, 905, 87.967, 0.339, 905, 321.246, 0.392, 901, 76.231, 0.214, 836, 1754.017, 3.622, 906, 5.257, 0.489
2008.7916, 2008, 10, 978, 242.472, 0.249, 974, 536.243, 0.446, 980, 9.906, 0.242, 981, 88.081, 0.231, 972, 321.568, 0.244, 977, 76.148, 0.201, 938, 1748.365, 3.937, 975, 4.626, 0.328
2008.8750, 2008, 11, 927, 242.551, 0.291, 919, 536.229, 0.515, 929, 9.680, 0.261, 927, 88.129, 0.250, 922, 321.916, 0.329, 925, 76.214, 0.198, 880, 1751.321, 7.778, 926, 4.356, 0.381
2008.9584, 2008, 12, 974, 242.628, 0.394, 977, 536.267, 0.559, 976, 9.500, 0.242, 973, 88.199, 0.282, 974, 322.152, 0.361, 965, 76.168, 0.228, 959, 1755.564, 12.314, 978, 4.662, 0.573
2009.0416, 2009, 1, 955, 242.614, 0.363, 962, 536.252, 0.534, 960, 9.359, 0.284, 952, 88.227, 0.279, 954, 322.353, 0.327, 949, 76.128, 0.212, 945, 1757.173, 11.646, 956, 4.884, 0.581
2009.1250, 2009, 2, 877, 242.312, 0.362, 874, 535.834, 0.526, 875, 9.207, 0.266, 876, 88.039, 0.268, 859, 322.295, 0.329, 868, 76.043, 0.215, 849, 1755.996, 14.601, 872, 4.555, 0.573
2009.2084, 2009, 3, 958, 242.124, 0.381, 974, 535.488, 0.566, 977, 9.084, 0.272, 965, 87.911, 0.270, 969, 322.293, 0.379, 953, 76.085, 0.224, 926, 1755.528, 16.524, 973, 4.630, 0.687
2009.2916, 2009, 4, 930, 241.675, 0.411, 935, 534.969, 0.656, 941, 8.951, 0.272, 939, 87.686, 0.290, 931, 322.028, 0.380, 936, 75.840, 0.241, 932, 1747.214, 11.587, 935, 4.527, 0.498
2009.3750, 2009, 5, 1005, 241.443, 0.407, 1008, 534.698, 0.618, 1011, 8.773, 0.277, 1011, 87.522, 0.304, 1006, 322.052, 0.373, 1001, 75.760, 0.233, 1003, 1752.490, 8.354, 1014, 4.851, 0.376
2009.4584, 2009, 6, 956, 240.907, 0.468, 957, 533.999, 0.706, 949, 8.729, 0.296, 944, 87.177, 0.351, 955, 321.707, 0.410, 949, 75.595, 0.220, 934, 1751.132, 3.001, 956, 5.249, 0.457
2009.5416, 2009, 7, 1010, 240.955, 0.314, 1011, 534.105, 0.522, 1012, 8.623, 0.280, 1009, 87.178, 0.306, 1013, 321.929, 0.240, 1005, 75.548, 0.207, 999, 1755.797, 3.336, 1009, 5.200, 0.423
2009.6250, 2009, 8, 1040, 240.731, 0.368, 1044, 533.775, 0.597, 1041, 8.567, 0.264, 1038, 86.936, 0.315, 1045, 321.917, 0.300, 1035, 75.505, 0.235, 1030, 1759.079, 3.756, 1038, 5.401, 0.502
2009.7084, 2009, 9, 951, 240.536, 0.274, 950, 533.550, 0.490, 945, 8.361, 0.271, 947, 86.826, 0.283, 947, 322.027, 0.240, 944, 75.424, 0.209, 939, 1758.528, 2.758, 948, 5.112, 0.444
2009.7916, 2009, 10, 745, 240.155, 0.310, 743, 533.170, 0.551, 743, 8.320, 0.297, 737, 86.681, 0.278, 745, 321.990, 0.243, 738, 75.379, 0.237, 751, 1754.314, 1.914, 745, 5.050, 0.395
2009.8750, 2009, 11, 834, 240.321, 0.318, 837, 533.187, 0.555, 840, 8.203, 0.310, 836, 86.609, 0.323, 834, 322.215, 0.254, 836, 75.419, 0.224, 757, 1749.333, 3.216, 841, 4.486, 0.361
2009.9584, 2009, 12, 880, 240.371, 0.531, 896, 533.247, 0.768, 899, 8.088, 0.276, 901, 86.589, 0.401, 865, 322.432, 0.415, 889, 75.563, 0.264, 865, 1746.577, 7.734, 905, 4.373, 0.471
2010.0416, 2010, 1, 1019, 240.463, 0.374, 1046, 533.246, 0.580, 1048, 7.851, 0.276, 1053, 86.668, 0.317, 1002, 322.648, 0.320, 1024, 75.530, 0.266, 1039, 1747.322, 11.440, 1049, 4.349, 0.644
2010.1250, 2010, 2, 803, 239.849, 0.566, 813, 532.512, 0.760, 794, 7.731, 0.308, 811, 86.338, 0.382, 813, 322.409, 0.454, 794, 75.316, 0.237, 788, 1743.200, 13.187, 814, 4.488, 0.616
2010.2084, 2010, 3, 922, 240.081, 0.370, 947, 532.862, 0.570, 952, 7.521, 0.288, 945, 86.489, 0.267, 943, 322.749, 0.242, 932, 75.309, 0.205, 929, 1744.945, 9.748, 954, 4.314, 0.570
2010.2916, 2010, 4, 196, 240.129, 0.287, 202, 532.925, 0.458, 142, 7.439, 0.314, 199, 86.572, 0.231, 201, 323.029, 0.233, 195, 75.298, 0.215, 169, 1756.340, 6.219, 198, 4.326, 0.361
2010.3750, 2010, 5, , , , , , , , , , , , , , , , , , , , , , , , 
2010.4584, 2010, 6, , , , , , , , , , , , , 2, 323.059, 0.501, 2, 75.298, 0.281, , , , 3, 4.715, 0.695
2010.5416, 2010, 7, 733, 239.408, 0.314, 742, 532.076, 0.472, 614, 7.242, 0.388, 739, 85.960, 0.344, 747, 322.851, 0.224, 746, 75.097, 0.217, 245, 1759.236, 2.864, 734, 5.305, 0.504
2010.6250, 2010, 8, 1018, 238.791, 0.352, 1012, 531.290, 0.570, 1032, 7.213, 0.311, 1021, 85.674, 0.325, 1024, 322.758, 0.238, 1032, 74.854, 0.227, 716, 1763.215, 3.884, 1038, 5.280, 0.476
2010.7084, 2010, 9, 858, 238.546, 0.318, 894, 530.971, 0.535, 846, 7.128, 0.266, 831, 85.566, 0.305, 899, 322.820, 0.205, 832, 74.659, 0.222, 802, 1764.410, 4.119, 908, 5.160, 0.391
2010.7916, 2010, 10, 997, 238.640, 0.348, 1023, 531.127, 0.587, 1028, 6.990, 0.288, 1031, 85.641, 0.382, 1021, 323.332, 0.352, 1028, 74.725, 0.230, 1026, 1769.520, 6.692, 1037, 4.875, 0.386
2010.8750, 2010, 11, 980, 238.554, 0.317, 1012, 530.970, 0.548, 1009, 6.898, 0.271, 1019, 85.612, 0.317, 1005, 323.390, 0.303, 999, 74.694, 0.211, 799, 1764.411, 8.196, 1009, 4.727, 0.462
2010.9584, 2010, 12, 446, 238.458, 0.361, 456, 530.714, 0.601, 457, 6.803, 0.266, 461, 85.549, 0.289, 456, 323.442, 0.319, 461, 74.555, 0.235, 363, 1763.226, 8.546, 459, 4.770, 0.437
2011.0416, 2011, 1, , , , , , , , , , , , , , , , , , , , , , , , 
2011.1250, 2011, 2, 80, 238.215, 0.249, 92, 530.133, 0.480, , , , 85, 85.523, 0.321, 90, 323.760, 0.192, 84, 74.664, 0.182, 94, 1762.073, 6.044, 96, 4.573, 0.428
2011.2084, 2011, 3, 544, 238.033, 0.418, 982, 529.798, 0.564, , , , 737, 85.320, 0.395, 968, 323.612, 0.256, 753, 74.465, 0.303, 297, 1759.063, 7.715, 995, 4.543, 0.441
2011.2916, 2011, 4, 617, 237.646, 0.347, 871, 529.841, 0.752, , , , 710, 85.359, 0.415, 863, 323.680, 0.297, 730, 74.544, 0.319, 285, 1753.549, 5.393, 804, 4.449, 0.357
2011.3750, 2011, 5, 941, 237.439, 0.435, 996, 530.000, 0.625, , , , 983, 85.109, 0.345, 996, 323.788, 0.356, 969, 74.599, 0.231, 461, 1757.550, 5.402, 998, 4.913, 0.433
2011.4584, 2011, 6, 404, 237.166, 0.280, 411, 529.643, 0.550, , , , 403, 84.904, 0.273, 401, 323.699, 0.264, 404, 74.548, 0.223, 228, 1764.087, 7.004, 414, 5.346, 0.423
2011.5416, 2011, 7, 704, 236.693, 0.271, 732, 529.348, 0.557, , , , 680, 84.649, 0.254, 723, 323.706, 0.251, , , , 349, 1769.606, 3.732, 733, 5.557, 0.361
2011.6250, 2011, 8, 1028, 236.723, 0.447, 1040, 529.538, 0.544, , , , 1017, 84.640, 0.334, 1029, 323.881, 0.298, , , , 1021, 1770.793, 3.126, 1032, 5.629, 0.461
2011.7084, 2011, 9, 977, 236.826, 0.306, 996, 529.517, 0.387, , , , 981, 84.721, 0.226, 998, 324.189, 0.236, , , , 1007, 1772.207, 3.839, 997, 5.149, 0.325
2011.7916, 2011, 10, 1013, 236.487, 0.445, 1044, 529.048, 0.518, , , , 1026, 84.468, 0.322, 1042, 324.107, 0.326, , , , 952, 1767.284, 3.650, 1048, 5.155, 0.492
2011.8750, 2011, 11, 988, 236.624, 0.468, 1013, 529.071, 0.529, , , , 993, 84.567, 0.294, 1008, 324.543, 0.356, , , , 272, 1768.842, 8.878, 1022, 4.920, 0.441
2011.9584, 2011, 12, 1033, 236.298, 0.413, 1024, 528.690, 0.540, , , , 1048, 84.434, 0.291, 1028, 324.490, 0.363, , , , 1042, 1765.715, 11.681, 1051, 4.926, 0.548
2012.0416, 2012, 1, 1015, 236.248, 0.447, 1040, 528.618, 0.601, , , , 1047, 84.434, 0.320, 1039, 324.701, 0.432, , , , 1049, 1770.291, 13.462, 1048, 5.380, 0.453
2012.1250, 2012, 2, 960, 236.373, 0.372, 974, 528.658, 0.470, , , , 979, 84.597, 0.256, 983, 325.016, 0.292, , , , 979, 1777.112, 10.190, 983, 5.596, 0.617
2012.2084, 2012, 3, 525, 235.837, 0.455, 634, 528.082, 0.514, , , , 582, 84.370, 0.350, 633, 324.787, 0.412, , , , 643, 1768.617, 16.073, 634, 5.158, 0.655
2012.2916, 2012, 4, 865, 235.905, 0.436, 1005, 528.311, 0.491, , , , 939, 84.375, 0.340, 1001, 324.865, 0.317, , , , 398, 1761.078, 3.739, 994, 5.067, 0.568
2012.3750, 2012, 5, 295, 234.930, 0.454, 302, 527.033, 0.427, , , , 299, 83.752, 0.312, 305, 324.203, 0.205, , , , 305, 1764.327, 2.548, 301, 5.852, 0.409
2012.4584, 2012, 6, 928, 235.061, 0.378, 927, 527.162, 0.479, , , , 930, 83.796, 0.324, 926, 324.466, 0.280, , , , 940, 1769.611, 4.315, 929, 5.623, 0.392
2012.5416, 2012, 7, 715, 234.946, 0.284, 719, 526.955, 0.373, , , , 719, 83.658, 0.249, 715, 324.484, 0.200, , , , 711, 1772.208, 2.595, 719, 5.858, 0.364
2012.6250, 2012, 8, 499, 234.831, 0.285, 501, 526.719, 0.355, , , , 500, 83.611, 0.256, 498, 324.733, 0.196, , , , 503, 1775.903, 2.700, 504, 5.735, 0.354
2012.7084, 2012, 9, 872, 234.652, 0.277, 887, 526.441, 0.375, , , , 878, 83.480, 0.263, 878, 324.732, 0.249, , , , 880, 1774.372, 3.003, 885, 5.644, 0.482
2012.7916, 2012, 10, 1019, 234.504, 0.269, 1024, 526.269, 0.378, , , , 1018, 83.345, 0.244, 1013, 324.809, 0.243, , , , 1033, 1771.139, 3.194, 1026, 5.149, 0.420
2012.8750, 2012, 11, 1004, 234.492, 0.288, 1006, 526.154, 0.410, , , , 1005, 83.380, 0.242, 1008, 325.062, 0.267, , , , 989, 1767.992, 6.920, 1007, 4.671, 0.427
2012.9584, 2012, 12, 926, 234.444, 0.413, 942, 525.960, 0.478, , , , 940, 83.359, 0.305, 934, 325.186, 0.325, , , , 755, 1767.463, 7.381, 938, 4.886, 0.634
2013.0416, 2013, 1, 1036, 234.449, 0.527, 1043, 525.838, 0.612, , , , 1031, 83.411, 0.384, 1036, 325.390, 0.442, , , , 1053, 1777.637, 18.833, 1041, 5.308, 0.866
2013.1250, 2013, 2, 897, 234.212, 0.587, 950, 525.575, 0.616, , , , 919, 83.373, 0.405, 949, 325.370, 0.434, , , , 949, 1773.146, 16.249, 890, 5.218, 0.776
2013.2084, 2013, 3, 990, 234.121, 0.281, 1001, 525.426, 0.387, , , , 995, 83.315, 0.240, 998, 325.502, 0.231, , , , 992, 1769.759, 10.297, 953, 4.809, 0.453
2013.2916, 2013, 4, 863, 233.879, 0.341, 886, 525.153, 0.458, , , , 874, 83.172, 0.269, 889, 325.449, 0.280, , , , 901, 1765.283, 5.535, 828, 4.736, 0.386
2013.3750, 2013, 5, 1019, 233.489, 0.384, 1017, 524.708, 0.501, , , , 1010, 82.922, 0.309, 1017, 325.347, 0.324, , , , 993, 1767.985, 5.095, 989, 5.128, 0.367
2013.4584, 2013, 6, 984, 233.294, 0.320, 996, 524.377, 0.427, , , , 988, 82.782, 0.277, 987, 325.328, 0.252, , , , 954, 1771.430, 4.547, 991, 5.242, 0.389
2013.5416, 2013, 7, 1010, 233.163, 0.369, 1000, 524.140, 0.498, , , , 1012, 82.610, 0.310, 1006, 325.383, 0.327, , , , 953, 1777.616, 4.881, 993, 5.725, 0.484
2013.6250, 2013, 8, 1044, 233.101, 0.253, 1044, 524.182, 0.413, , , , 1047, 82.712, 0.235, 1043, 325.667, 0.226, , , , 988, 1779.300, 3.322, 1050, 5.531, 0.435
2013.7084, 2013, 9, 988, 232.998, 0.348, 1000, 523.912, 0.521, , , , 995, 82.588, 0.298, 1002, 325.757, 0.278, , , , 983, 1779.657, 3.114, 1007, 5.432, 0.402
2013.7916, 2013, 10, 1042, 232.793, 0.415, 1047, 523.552, 0.529, , , , 1046, 82.456, 0.342, 1048, 325.822, 0.340, , , , 942, 1778.664, 4.764, 1044, 5.244, 0.481
2013.8750, 2013, 11, 964, 232.702, 0.358, 982, 523.374, 0.459, , , , 978, 82.379, 0.279, 984, 325.921, 0.307, , , , 970, 1772.485, 5.399, 984, 4.939, 0.394
2013.9584, 2013, 12, 984, 232.753, 0.611, 1047, 523.153, 0.551, , , , 1022, 82.431, 0.416, 1043, 326.148, 0.425, , , , 1048, 1773.908, 10.686, 1052, 4.940, 0.544
2014.0416, 2014, 1, 977, 233.095, 0.388, 1046, 523.274, 0.418, , , , 1004, 82.610, 0.376, 1043, 326.556, 0.237, , , , 1016, 1784.315, 9.048, 1045, 5.615, 0.674
2014.1250, 2014, 2, 848, 232.727, 0.359, 853, 522.789, 0.426, , , , 846, 82.462, 0.363, 852, 326.404, 0.272, , , , 817, 1774.806, 9.679, 845, 5.371, 0.739
2014.2084, 2014, 3, 1029, 232.501, 0.691, 1045, 522.497, 0.760, , , , 1024, 82.310, 0.454, 1046, 326.335, 0.472, , , , 1016, 1779.402, 14.251, 790, 5.931, 0.907
2014.2916, 2014, 4, 1010, 232.040, 0.350, 1010, 521.941, 0.476, , , , 1019, 82.069, 0.294, 1015, 326.154, 0.256, , , , 940, 1768.645, 5.322, 1016, 5.024, 0.418
2014.3750, 2014, 5, 767, 231.614, 0.430, 781, 522.167, 0.615, , , , 787, 82.157, 0.359, 780, 326.210, 0.283, , , , 785, 1774.736, 2.781, 786, 5.408, 0.441
2014.4584, 2014, 6, 959, 231.220, 0.411, 1005, 521.966, 0.500, , , , 987, 82.072, 0.360, 984, 326.232, 0.314, , , , 939, 1784.089, 6.843, 1000, 5.824, 0.357
2014.5416, 2014, 7, 1046, 231.380, 0.379, 1047, 522.134, 0.520, , , , 1043, 82.095, 0.327, 1041, 326.542, 0.334, , , , 1008, 1790.038, 4.496, 1050, 6.057, 0.456
2014.6250, 2014, 8, 1041, 231.210, 0.375, 1045, 521.837, 0.537, , , , 1046, 81.877, 0.349, 1043, 326.511, 0.284, , , , 1044, 1790.147, 3.423, 1036, 6.170, 0.536
2014.7084, 2014, 9, 1013, 231.117, 0.281, 1013, 521.528, 0.454, , , , 1009, 81.812, 0.274, 1013, 326.575, 0.231, , , , 557, 1787.003, 3.197, 1016, 5.880, 0.453
2014.7916, 2014, 10, 1034, 231.096, 0.335, 1019, 521.442, 0.480, , , , 1045, 81.772, 0.307, 1024, 326.740, 0.270, , , , 1007, 1787.320, 3.385, 1046, 5.514, 0.428
2014.8750, 2014, 11, 975, 231.187, 0.424, 962, 521.337, 0.508, , , , 986, 81.800, 0.361, 953, 326.963, 0.339, , , , 946, 1785.533, 4.216, 985, 5.355, 0.484
2014.9584, 2014, 12, 1005, 230.755, 0.469, 974, 520.848, 0.550, , , , 1013, 81.568, 0.338, 998, 326.853, 0.348, , , , 965, 1779.380, 6.476, 1020, 5.052, 0.495
2015.0416, 2015, 1, 1030, 231.289, 0.450, 1039, 521.159, 0.516, , , , 1042, 81.929, 0.332, 1043, 327.401, 0.317, , , , 1016, 1790.090, 12.911, 1041, 5.470, 0.779
2015.1250, 2015, 2, 947, 231.140, 0.395, 942, 520.991, 0.489, , , , 950, 81.889, 0.286, 946, 327.484, 0.238, , , , 828, 1789.803, 10.925, 948, 5.324, 0.680
2015.2084, 2015, 3, 995, 231.014, 0.487, 1005, 520.669, 0.549, , , , 1010, 81.773, 0.370, 1007, 327.474, 0.331, , , , 981, 1794.722, 12.764, 1008, 5.863, 0.793
